,bk_name,2022-03-07,2022-03-04,2022-03-03,2022-03-02,2022-03-01,2022-02-28,2022-02-25,2022-02-24,2022-02-23,2022-02-22,2022-02-21,2022-02-18,2022-02-17,2022-02-16,2022-02-15,2022-02-14,2022-02-11,2022-02-10,2022-02-09,2022-02-08,2022-02-07,2022-01-28,2022-01-27,2022-01-26,2022-01-25,2022-01-24,2022-01-21,2022-01-20,2022-01-19,2022-01-18,2022-01-17,2022-01-14,2022-01-13,2022-01-12,2022-01-11,2022-01-10,2022-01-07,2022-01-06,2022-01-05,2022-01-04,2021-12-31,2021-12-30,2021-12-29,2021-12-28,2021-12-27,2021-12-24,2021-12-23,2021-12-22,2021-12-21,2021-12-20,2021-12-17,2021-12-16,2021-12-15,2021-12-14,2021-12-13,2021-12-10,2021-12-09,2021-12-08,2021-12-07,2021-12-06,2021-12-03,2021-12-02,2021-12-01
0,专业服务,0.2916666666666667,0.4166666666666667,0.625,0.625,0.625,0.625,0.5,0.4166666666666667,0.6666666666666666,0.375,0.5416666666666666,0.25,0.2916666666666667,0.16666666666666666,0.125,0.08333333333333333,0.08695652173913043,0.08695652173913043,0.17391304347826086,0.08695652173913043,0.13043478260869565,0.043478260869565216,0.09090909090909091,0.09090909090909091,0.09090909090909091,0.13636363636363635,0.17391304347826086,0.2608695652173913,0.34782608695652173,0.43478260869565216,0.4782608695652174,0.34782608695652173,0.34782608695652173,0.43478260869565216,0.391304347826087,0.391304347826087,0.43478260869565216,0.5652173913043478,0.5652173913043478,0.6521739130434783,0.6086956521739131,0.5652173913043478,0.5652173913043478,0.391304347826087,0.5,0.45454545454545453,0.5909090909090909,0.6818181818181818,0.5909090909090909,0.5,0.5454545454545454,0.5454545454545454,0.5454545454545454,0.6818181818181818,0.5909090909090909,0.45454545454545453,0.5,0.4090909090909091,0.36363636363636365,0.45454545454545453,0.5909090909090909,0.045454545454545456,0.045454545454545456
1,专用设备,0.345,0.495,0.615,0.705,0.68,0.64,0.6733668341708543,0.5125628140703518,0.7688442211055276,0.5577889447236181,0.592964824120603,0.4020100502512563,0.34673366834170855,0.32160804020100503,0.21608040201005024,0.20812182741116753,0.13705583756345177,0.15736040609137056,0.17857142857142858,0.12244897959183673,0.08629441624365482,0.06598984771573604,0.03553299492385787,0.07106598984771574,0.05583756345177665,0.1065989847715736,0.12690355329949238,0.13705583756345177,0.4090909090909091,0.3434343434343434,0.5353535353535354,0.3686868686868687,0.4898989898989899,0.5757575757575758,0.4595959595959596,0.5252525252525253,0.46464646464646464,0.5126903553299492,0.4720812182741117,0.5989847715736041,0.5252525252525253,0.48484848484848486,0.40404040404040403,0.35353535353535354,0.2828282828282828,0.2777777777777778,0.398989898989899,0.4797979797979798,0.4595959595959596,0.41919191919191917,0.494949494949495,0.5808080808080808,0.5151515151515151,0.5177664974619289,0.4619289340101523,0.49238578680203043,0.40609137055837563,0.39593908629441626,0.3147208121827411,0.45918367346938777,0.7128205128205128,0.010256410256410256,0.010256410256410256
2,中药,0.7714285714285715,0.9428571428571428,0.9285714285714286,0.9571428571428572,0.8142857142857143,0.8285714285714286,0.8285714285714286,0.5285714285714286,0.5857142857142857,0.2714285714285714,0.4714285714285714,0.14285714285714285,0.04285714285714286,0.1,0.11428571428571428,0.04285714285714286,0.014285714285714285,0.1,0.08571428571428572,0.014285714285714285,0.02857142857142857,0.014285714285714285,0.014285714285714285,0.02857142857142857,0.02857142857142857,0.05714285714285714,0.08571428571428572,0.17142857142857143,0.2571428571428571,0.38571428571428573,0.7285714285714285,0.8714285714285714,0.7571428571428571,0.9571428571428572,0.9857142857142858,0.9428571428571428,0.9130434782608695,0.9420289855072463,0.9130434782608695,0.9710144927536232,0.9565217391304348,0.9285714285714286,0.9285714285714286,0.9285714285714286,0.9428571428571428,0.9428571428571428,0.8571428571428571,0.9142857142857143,0.8714285714285714,0.8285714285714286,0.6571428571428571,0.6857142857142857,0.7571428571428571,0.7101449275362319,0.6285714285714286,0.7142857142857143,0.7428571428571429,0.5428571428571428,0.5428571428571428,0.6,0.7857142857142857,0.02857142857142857,0.014285714285714285
3,互联网服务,0.1893939393939394,0.2878787878787879,0.4621212121212121,0.6136363636363636,0.553030303030303,0.45454545454545453,0.4090909090909091,0.3560606060606061,0.6818181818181818,0.5681818181818182,0.6515151515151515,0.3712121212121212,0.24242424242424243,0.29545454545454547,0.3181818181818182,0.29545454545454547,0.30303030303030304,0.3560606060606061,0.3787878787878788,0.19696969696969696,0.12878787878787878,0.10606060606060606,0.11363636363636363,0.3106060606060606,0.3181818181818182,0.7121212121212122,0.75,0.7424242424242424,0.8560606060606061,0.8409090909090909,0.8787878787878788,0.5378787878787878,0.6212121212121212,0.6136363636363636,0.4696969696969697,0.5757575757575758,0.5303030303030303,0.7348484848484849,0.7651515151515151,0.7803030303030303,0.6793893129770993,0.6287878787878788,0.4772727272727273,0.5378787878787878,0.3484848484848485,0.4090909090909091,0.7045454545454546,0.7803030303030303,0.6818181818181818,0.5454545454545454,0.7045454545454546,0.7803030303030303,0.7575757575757576,0.696969696969697,0.5681818181818182,0.4166666666666667,0.48484848484848486,0.4696969696969697,0.3787878787878788,0.3787878787878788,0.696969696969697,0.007575757575757576,0.0
4,交运设备,0.18604651162790697,0.27906976744186046,0.4418604651162791,0.5581395348837209,0.5348837209302325,0.46511627906976744,0.5813953488372093,0.37209302325581395,0.6976744186046512,0.5116279069767442,0.7209302325581395,0.6511627906976745,0.37209302325581395,0.4186046511627907,0.23255813953488372,0.20930232558139536,0.20930232558139536,0.2558139534883721,0.23255813953488372,0.09302325581395349,0.06976744186046512,0.023255813953488372,0.0,0.023255813953488372,0.023255813953488372,0.11627906976744186,0.16279069767441862,0.23255813953488372,0.627906976744186,0.5116279069767442,0.6744186046511628,0.4418604651162791,0.627906976744186,0.7209302325581395,0.6511627906976745,0.6744186046511628,0.5813953488372093,0.7441860465116279,0.627906976744186,0.6511627906976745,0.6046511627906976,0.5813953488372093,0.46511627906976744,0.5581395348837209,0.5116279069767442,0.46511627906976744,0.6046511627906976,0.5813953488372093,0.6046511627906976,0.4186046511627907,0.5348837209302325,0.6511627906976745,0.627906976744186,0.4883720930232558,0.5348837209302325,0.5581395348837209,0.4186046511627907,0.4883720930232558,0.3953488372093023,0.4883720930232558,0.7441860465116279,0.0,0.0
5,仪器仪表,0.30434782608695654,0.5,0.6304347826086957,0.782608695652174,0.7608695652173914,0.6086956521739131,0.7608695652173914,0.5434782608695652,0.7391304347826086,0.41304347826086957,0.5,0.2826086956521739,0.1956521739130435,0.21739130434782608,0.13043478260869565,0.08695652173913043,0.08695652173913043,0.15217391304347827,0.15217391304347827,0.13043478260869565,0.08695652173913043,0.043478260869565216,0.021739130434782608,0.021739130434782608,0.043478260869565216,0.13043478260869565,0.21739130434782608,0.32608695652173914,0.5434782608695652,0.5217391304347826,0.6304347826086957,0.5434782608695652,0.6086956521739131,0.6086956521739131,0.6086956521739131,0.5434782608695652,0.45652173913043476,0.6304347826086957,0.5869565217391305,0.6521739130434783,0.5869565217391305,0.5869565217391305,0.3695652173913043,0.41304347826086957,0.1956521739130435,0.17391304347826086,0.32608695652173914,0.5217391304347826,0.5217391304347826,0.43478260869565216,0.5217391304347826,0.6956521739130435,0.5652173913043478,0.4782608695652174,0.45652173913043476,0.45652173913043476,0.3333333333333333,0.4,0.26666666666666666,0.4444444444444444,0.8,0.0,0.0
6,保险,0.0,0.0,0.0,0.0,0.0,0.0,0.0,0.0,0.5,0.6666666666666666,1.0,1.0,1.0,1.0,1.0,1.0,1.0,1.0,0.5,0.5,0.16666666666666666,0.0,0.0,0.0,0.0,0.5,0.6666666666666666,0.8333333333333334,0.5,0.3333333333333333,0.16666666666666666,0.16666666666666666,0.8333333333333334,0.8333333333333334,0.8333333333333334,0.8333333333333334,1.0,0.5,1.0,0.5,0.16666666666666666,0.3333333333333333,0.5,0.5,0.3333333333333333,0.3333333333333333,0.5,0.6666666666666666,1.0,0.6666666666666666,0.6666666666666666,1.0,0.6666666666666666,0.5,1.0,1.0,1.0,0.6666666666666666,0.5,0.3333333333333333,0.3333333333333333,0.0,0.0
7,光伏设备,0.7209302325581395,0.8604651162790697,0.9069767441860465,1.0,0.9767441860465116,0.9302325581395349,0.9069767441860465,0.8372093023255814,0.8604651162790697,0.46511627906976744,0.32558139534883723,0.20930232558139536,0.3488372093023256,0.11627906976744186,0.09302325581395349,0.09302325581395349,0.09302325581395349,0.11627906976744186,0.11627906976744186,0.11627906976744186,0.20930232558139536,0.11627906976744186,0.18604651162790697,0.2558139534883721,0.23809523809523808,0.2619047619047619,0.11904761904761904,0.09523809523809523,0.14285714285714285,0.2619047619047619,0.2857142857142857,0.16666666666666666,0.16666666666666666,0.16666666666666666,0.07142857142857142,0.09523809523809523,0.11904761904761904,0.11904761904761904,0.09523809523809523,0.21428571428571427,0.38095238095238093,0.21428571428571427,0.16666666666666666,0.16666666666666666,0.11904761904761904,0.07142857142857142,0.17073170731707318,0.04878048780487805,0.07317073170731707,0.0,0.225,0.4,0.325,0.35,0.525,0.4878048780487805,0.35,0.375,0.275,0.3,0.375,0.0,0.025
8,光学光电子,0.11363636363636363,0.23863636363636365,0.42045454545454547,0.5113636363636364,0.48863636363636365,0.38636363636363635,0.4772727272727273,0.3409090909090909,0.6704545454545454,0.29545454545454547,0.375,0.1590909090909091,0.125,0.11363636363636363,0.07954545454545454,0.07954545454545454,0.06818181818181818,0.09090909090909091,0.07954545454545454,0.056818181818181816,0.045454545454545456,0.022727272727272728,0.05747126436781609,0.05747126436781609,0.08045977011494253,0.10344827586206896,0.16091954022988506,0.20689655172413793,0.5057471264367817,0.5057471264367817,0.632183908045977,0.40229885057471265,0.5057471264367817,0.5632183908045977,0.5057471264367817,0.5172413793103449,0.4367816091954023,0.5977011494252874,0.5632183908045977,0.735632183908046,0.6091954022988506,0.632183908045977,0.39080459770114945,0.42528735632183906,0.367816091954023,0.39080459770114945,0.5057471264367817,0.6395348837209303,0.45348837209302323,0.27906976744186046,0.43023255813953487,0.627906976744186,0.6162790697674418,0.5930232558139535,0.5348837209302325,0.5232558139534884,0.4942528735632184,0.26436781609195403,0.14942528735632185,0.27586206896551724,0.6091954022988506,0.011494252873563218,0.011494252873563218
9,公用事业,0.45,0.65,0.7,0.6,0.6,0.55,0.5,0.5,0.85,0.85,0.85,0.85,0.9,0.85,0.55,0.6,0.7368421052631579,0.8421052631578947,0.47368421052631576,0.3157894736842105,0.05263157894736842,0.05,0.05,0.1,0.0,0.0,0.0,0.1,0.3,0.15,0.4,0.2,0.65,0.75,0.65,0.6,0.5,0.6,0.75,0.7,0.55,0.4,0.4,0.3157894736842105,0.5263157894736842,0.6,0.7,0.85,0.85,0.7,0.9,0.95,0.95,0.6,0.7,0.65,0.7,0.65,0.65,0.65,0.7,0.05,0.05
10,农牧饲渔,0.6133333333333333,0.7466666666666667,0.76,0.7733333333333333,0.76,0.49333333333333335,0.49333333333333335,0.4266666666666667,0.6666666666666666,0.6133333333333333,0.68,0.56,0.4533333333333333,0.4266666666666667,0.32432432432432434,0.33783783783783783,0.35135135135135137,0.47297297297297297,0.40540540540540543,0.21621621621621623,0.08108108108108109,0.06756756756756757,0.013513513513513514,0.02702702702702703,0.04054054054054054,0.10810810810810811,0.14864864864864866,0.2972972972972973,0.33783783783783783,0.33783783783783783,0.6891891891891891,0.6216216216216216,0.7027027027027027,0.7972972972972973,0.7027027027027027,0.7297297297297297,0.6486486486486487,0.8108108108108109,0.8783783783783784,0.918918918918919,0.8082191780821918,0.7837837837837838,0.7162162162162162,0.8378378378378378,0.8783783783783784,0.8493150684931506,0.8783783783783784,0.8648648648648649,0.7162162162162162,0.6756756756756757,0.6486486486486487,0.6486486486486487,0.5945945945945946,0.6216216216216216,0.6351351351351351,0.6621621621621622,0.5405405405405406,0.35135135135135137,0.24324324324324326,0.21621621621621623,0.3783783783783784,0.02702702702702703,0.0
11,农药兽药,0.5,0.6,0.7,0.7,0.625,0.6,0.675,0.575,0.775,0.525,0.625,0.575,0.55,0.375,0.35,0.3,0.175,0.325,0.275,0.175,0.05,0.05128205128205128,0.02564102564102564,0.05128205128205128,0.05128205128205128,0.15384615384615385,0.1282051282051282,0.23076923076923078,0.41025641025641024,0.46153846153846156,0.5897435897435898,0.6,0.725,0.825,0.775,0.75,0.725,0.85,0.7692307692307693,0.8461538461538461,0.7435897435897436,0.7435897435897436,0.717948717948718,0.75,0.65,0.625,0.675,0.675,0.6,0.5,0.5,0.6,0.525,0.45,0.5,0.525,0.6,0.525,0.525,0.625,0.8,0.025,0.025
12,包装材料,0.44,0.44,0.56,0.56,0.52,0.48,0.52,0.32,0.6,0.4,0.48,0.24,0.16,0.2,0.12,0.12,0.16,0.24,0.16,0.12,0.12,0.08,0.08,0.08,0.08,0.16,0.2,0.36,0.52,0.4,0.68,0.68,0.68,0.76,0.72,0.76,0.6,0.8,0.72,0.84,0.76,0.76,0.72,0.6,0.6,0.44,0.56,0.76,0.56,0.44,0.44,0.56,0.68,0.6,0.48,0.4,0.44,0.4,0.36,0.48,0.76,0.0,0.0
13,化学制品,0.3023255813953488,0.4461538461538462,0.6692307692307692,0.7153846153846154,0.7,0.6230769230769231,0.6384615384615384,0.5230769230769231,0.7769230769230769,0.6384615384615384,0.6615384615384615,0.5076923076923077,0.4461538461538462,0.4230769230769231,0.2692307692307692,0.2230769230769231,0.25384615384615383,0.3076923076923077,0.3230769230769231,0.25384615384615383,0.16153846153846155,0.1,0.08461538461538462,0.14728682170542637,0.07751937984496124,0.12403100775193798,0.16279069767441862,0.17054263565891473,0.4153846153846154,0.35384615384615387,0.5271317829457365,0.4263565891472868,0.49612403100775193,0.627906976744186,0.4883720930232558,0.5193798449612403,0.4263565891472868,0.5658914728682171,0.5271317829457365,0.6511627906976745,0.6076923076923076,0.5769230769230769,0.5615384615384615,0.5230769230769231,0.38461538461538464,0.2923076923076923,0.4573643410852713,0.49612403100775193,0.4418604651162791,0.3875968992248062,0.4108527131782946,0.515625,0.4645669291338583,0.46875,0.5078125,0.4609375,0.3828125,0.4296875,0.265625,0.4921875,0.71875,0.0234375,0.015625
14,化学制药,0.676923076923077,0.8217054263565892,0.7906976744186046,0.8062015503875969,0.7131782945736435,0.6744186046511628,0.5736434108527132,0.3798449612403101,0.5116279069767442,0.296875,0.3828125,0.20155038759689922,0.13953488372093023,0.13953488372093023,0.08527131782945736,0.06976744186046512,0.03875968992248062,0.07751937984496124,0.06976744186046512,0.05426356589147287,0.03875968992248062,0.03875968992248062,0.03875968992248062,0.046511627906976744,0.05426356589147287,0.12403100775193798,0.20155038759689922,0.3333333333333333,0.4573643410852713,0.5736434108527132,0.7906976744186046,0.7751937984496124,0.7209302325581395,0.7906976744186046,0.7984496124031008,0.7984496124031008,0.751937984496124,0.7906976744186046,0.7829457364341085,0.8449612403100775,0.8527131782945736,0.8449612403100775,0.7906976744186046,0.7364341085271318,0.751937984496124,0.6666666666666666,0.5891472868217055,0.6434108527131783,0.546875,0.4453125,0.328125,0.3671875,0.3671875,0.4296875,0.3359375,0.3828125,0.4140625,0.3125,0.28125,0.3671875,0.625,0.0,0.0
15,化学原料,0.45454545454545453,0.6515151515151515,0.8939393939393939,0.8939393939393939,0.8636363636363636,0.8333333333333334,0.8333333333333334,0.696969696969697,0.9242424242424242,0.8181818181818182,0.8181818181818182,0.7121212121212122,0.6363636363636364,0.5757575757575758,0.3384615384615385,0.3384615384615385,0.36923076923076925,0.4,0.35384615384615387,0.3384615384615385,0.24615384615384617,0.125,0.078125,0.171875,0.140625,0.140625,0.140625,0.1875,0.28125,0.296875,0.390625,0.3230769230769231,0.47692307692307695,0.53125,0.453125,0.453125,0.34375,0.390625,0.34375,0.328125,0.265625,0.234375,0.3125,0.265625,0.25,0.203125,0.390625,0.34375,0.296875,0.21875,0.390625,0.515625,0.4375,0.453125,0.609375,0.59375,0.546875,0.609375,0.59375,0.71875,0.8125,0.015625,0.015625
16,化纤行业,0.25925925925925924,0.4074074074074074,0.5555555555555556,0.5555555555555556,0.5555555555555556,0.5185185185185185,0.6666666666666666,0.48148148148148145,0.8148148148148148,0.8148148148148148,0.8518518518518519,0.5925925925925926,0.4444444444444444,0.4074074074074074,0.2222222222222222,0.2222222222222222,0.2962962962962963,0.2962962962962963,0.2222222222222222,0.18518518518518517,0.14814814814814814,0.07407407407407407,0.07407407407407407,0.07407407407407407,0.07407407407407407,0.18518518518518517,0.1111111111111111,0.2222222222222222,0.48148148148148145,0.48148148148148145,0.7037037037037037,0.5925925925925926,0.8148148148148148,0.7777777777777778,0.6666666666666666,0.6666666666666666,0.5555555555555556,0.6666666666666666,0.5555555555555556,0.6296296296296297,0.5925925925925926,0.48148148148148145,0.4444444444444444,0.37037037037037035,0.2962962962962963,0.2962962962962963,0.37037037037037035,0.38461538461538464,0.37037037037037035,0.2962962962962963,0.4074074074074074,0.5185185185185185,0.4444444444444444,0.5185185185185185,0.6296296296296297,0.48148148148148145,0.48148148148148145,0.48148148148148145,0.4444444444444444,0.5925925925925926,0.8518518518518519,0.037037037037037035,0.0
17,化肥行业,0.7307692307692307,0.7307692307692307,0.92,0.92,0.88,0.92,0.96,0.9615384615384616,0.9615384615384616,0.9230769230769231,0.9615384615384616,0.9615384615384616,0.9230769230769231,0.8461538461538461,0.5,0.4230769230769231,0.34615384615384615,0.46153846153846156,0.34615384615384615,0.23076923076923078,0.15384615384615385,0.038461538461538464,0.038461538461538464,0.04,0.0,0.15384615384615385,0.11538461538461539,0.11538461538461539,0.15384615384615385,0.19230769230769232,0.34615384615384615,0.34615384615384615,0.34615384615384615,0.5769230769230769,0.5384615384615384,0.34615384615384615,0.4230769230769231,0.5769230769230769,0.5384615384615384,0.5384615384615384,0.5384615384615384,0.5384615384615384,0.5,0.4,0.4230769230769231,0.3076923076923077,0.46153846153846156,0.5384615384615384,0.4230769230769231,0.38461538461538464,0.6153846153846154,0.6538461538461539,0.5384615384615384,0.6153846153846154,0.8846153846153846,0.8461538461538461,0.5769230769230769,0.5769230769230769,0.5384615384615384,0.6923076923076923,0.7307692307692307,0.07692307692307693,0.0
18,医疗器械,0.47058823529411764,0.6764705882352942,0.6470588235294118,0.696078431372549,0.6764705882352942,0.6764705882352942,0.5784313725490197,0.2647058823529412,0.4117647058823529,0.23529411764705882,0.3333333333333333,0.19607843137254902,0.13725490196078433,0.14705882352941177,0.0891089108910891,0.04950495049504951,0.04950495049504951,0.0891089108910891,0.06930693069306931,0.039603960396039604,0.0297029702970297,0.039603960396039604,0.0297029702970297,0.0297029702970297,0.02,0.04,0.07,0.29,0.52,0.58,0.78,0.79,0.74,0.82,0.79,0.79,0.69,0.69,0.54,0.71,0.78,0.76,0.6464646464646465,0.5252525252525253,0.46464646464646464,0.3939393939393939,0.36363636363636365,0.5252525252525253,0.43434343434343436,0.45454545454545453,0.35353535353535354,0.3939393939393939,0.4444444444444444,0.6363636363636364,0.45454545454545453,0.40404040404040403,0.47474747474747475,0.29292929292929293,0.29292929292929293,0.3838383838383838,0.6868686868686869,0.0,0.0
19,医疗服务,0.6111111111111112,0.75,0.6388888888888888,0.8055555555555556,0.8333333333333334,0.8055555555555556,0.8333333333333334,0.3333333333333333,0.5833333333333334,0.2777777777777778,0.3611111111111111,0.25,0.19444444444444445,0.16666666666666666,0.1388888888888889,0.05555555555555555,0.05555555555555555,0.05555555555555555,0.05555555555555555,0.05555555555555555,0.05555555555555555,0.027777777777777776,0.02857142857142857,0.02857142857142857,0.05714285714285714,0.05714285714285714,0.05714285714285714,0.14285714285714285,0.29411764705882354,0.38235294117647056,0.5588235294117647,0.5151515151515151,0.47058823529411764,0.5,0.4411764705882353,0.38235294117647056,0.29411764705882354,0.4117647058823529,0.29411764705882354,0.47058823529411764,0.4117647058823529,0.4411764705882353,0.38235294117647056,0.23529411764705882,0.14705882352941177,0.11764705882352941,0.08823529411764706,0.11764705882352941,0.08823529411764706,0.058823529411764705,0.09090909090909091,0.15151515151515152,0.12121212121212122,0.2727272727272727,0.28125,0.46875,0.5,0.3125,0.28125,0.3,0.36666666666666664,0.0,0.0
20,医药商业,0.7,0.8,0.7333333333333333,0.7,0.5333333333333333,0.4666666666666667,0.4,0.23333333333333334,0.36666666666666664,0.3333333333333333,0.5,0.3,0.1,0.1,0.06666666666666667,0.03333333333333333,0.1,0.1,0.0,0.0,0.0,0.0,0.0,0.0,0.03333333333333333,0.03333333333333333,0.1,0.23333333333333334,0.3333333333333333,0.36666666666666664,0.8,0.8666666666666667,0.8333333333333334,0.9,0.9,0.8333333333333334,0.8333333333333334,0.8666666666666667,0.8666666666666667,0.8666666666666667,0.8666666666666667,0.8,0.8333333333333334,0.8333333333333334,0.8333333333333334,0.7,0.5666666666666667,0.6333333333333333,0.6666666666666666,0.6333333333333333,0.6,0.7666666666666667,0.7333333333333333,0.8,0.7,0.7666666666666667,0.8333333333333334,0.6,0.5333333333333333,0.5333333333333333,0.6666666666666666,0.0,0.0
21,半导体,0.2978723404255319,0.6063829787234043,0.5638297872340425,0.8085106382978723,0.8617021276595744,0.8617021276595744,0.8404255319148937,0.7127659574468085,0.8191489361702128,0.3191489361702128,0.32978723404255317,0.1595744680851064,0.22340425531914893,0.10638297872340426,0.14893617021276595,0.0425531914893617,0.06382978723404255,0.10638297872340426,0.07526881720430108,0.021505376344086023,0.053763440860215055,0.021505376344086023,0.043010752688172046,0.13043478260869565,0.08695652173913043,0.13043478260869565,0.054945054945054944,0.1111111111111111,0.18888888888888888,0.32222222222222224,0.25555555555555554,0.12222222222222222,0.1797752808988764,0.19101123595505617,0.11494252873563218,0.12643678160919541,0.10227272727272728,0.09090909090909091,0.13793103448275862,0.20689655172413793,0.28735632183908044,0.27586206896551724,0.13793103448275862,0.19540229885057472,0.11627906976744186,0.1744186046511628,0.23529411764705882,0.2,0.10588235294117647,0.09411764705882353,0.15294117647058825,0.3058823529411765,0.27058823529411763,0.29411764705882354,0.3058823529411765,0.29411764705882354,0.36904761904761907,0.30952380952380953,0.2261904761904762,0.38095238095238093,0.7108433734939759,0.023809523809523808,0.011904761904761904
22,商业百货,0.38235294117647056,0.45588235294117646,0.5588235294117647,0.47058823529411764,0.4264705882352941,0.3088235294117647,0.38235294117647056,0.20588235294117646,0.5882352941176471,0.5441176470588235,0.7058823529411765,0.5735294117647058,0.5147058823529411,0.5882352941176471,0.47058823529411764,0.5588235294117647,0.4411764705882353,0.5147058823529411,0.4852941176470588,0.45588235294117646,0.22058823529411764,0.16176470588235295,0.10294117647058823,0.1323529411764706,0.16176470588235295,0.22058823529411764,0.45588235294117646,0.4264705882352941,0.7058823529411765,0.5588235294117647,0.7941176470588235,0.7647058823529411,0.8970588235294118,0.9411764705882353,0.8823529411764706,0.8676470588235294,0.8823529411764706,0.9117647058823529,0.8970588235294118,0.9558823529411765,0.8970588235294118,0.7910447761194029,0.75,0.8235294117647058,0.8088235294117647,0.8088235294117647,0.8235294117647058,0.8235294117647058,0.8382352941176471,0.7205882352941176,0.6323529411764706,0.7058823529411765,0.6029411764705882,0.6029411764705882,0.5588235294117647,0.6470588235294118,0.6470588235294118,0.45588235294117646,0.4411764705882353,0.5735294117647058,0.6323529411764706,0.014705882352941176,0.0
23,塑料制品,0.2777777777777778,0.4305555555555556,0.5277777777777778,0.6111111111111112,0.6111111111111112,0.5277777777777778,0.5833333333333334,0.4722222222222222,0.7222222222222222,0.5277777777777778,0.5833333333333334,0.3611111111111111,0.2916666666666667,0.16666666666666666,0.1111111111111111,0.1111111111111111,0.08333333333333333,0.16666666666666666,0.1527777777777778,0.1111111111111111,0.041666666666666664,0.041666666666666664,0.027777777777777776,0.06944444444444445,0.06944444444444445,0.1111111111111111,0.11267605633802817,0.1267605633802817,0.4084507042253521,0.4084507042253521,0.6619718309859155,0.5492957746478874,0.6197183098591549,0.704225352112676,0.5211267605633803,0.5428571428571428,0.45714285714285713,0.6142857142857143,0.5714285714285714,0.6428571428571429,0.5571428571428572,0.5857142857142857,0.5,0.38571428571428573,0.2714285714285714,0.24285714285714285,0.38571428571428573,0.45714285714285713,0.4142857142857143,0.3,0.42857142857142855,0.5142857142857142,0.45714285714285713,0.4142857142857143,0.4,0.45714285714285713,0.4,0.5072463768115942,0.42028985507246375,0.6666666666666666,0.8260869565217391,0.0,0.0
24,多元金融,0.25,0.42857142857142855,0.6428571428571429,0.6785714285714286,0.5357142857142857,0.5,0.39285714285714285,0.39285714285714285,0.6071428571428571,0.39285714285714285,0.6428571428571429,0.6071428571428571,0.42857142857142855,0.5714285714285714,0.42857142857142855,0.5,0.5357142857142857,0.5714285714285714,0.5,0.35714285714285715,0.10714285714285714,0.07142857142857142,0.03571428571428571,0.07142857142857142,0.07142857142857142,0.17857142857142858,0.2857142857142857,0.35714285714285715,0.35714285714285715,0.2857142857142857,0.2857142857142857,0.25,0.6428571428571429,0.6071428571428571,0.5714285714285714,0.6428571428571429,0.6071428571428571,0.5714285714285714,0.5714285714285714,0.5714285714285714,0.4642857142857143,0.5,0.35714285714285715,0.39285714285714285,0.39285714285714285,0.39285714285714285,0.6071428571428571,0.7407407407407407,0.7037037037037037,0.5925925925925926,0.7407407407407407,0.7407407407407407,0.6296296296296297,0.5925925925925926,0.6666666666666666,0.8148148148148148,0.8888888888888888,0.8888888888888888,0.8148148148148148,0.8148148148148148,0.7407407407407407,0.0,0.0
25,家用轻工,0.5652173913043478,0.4782608695652174,0.5217391304347826,0.5652173913043478,0.43478260869565216,0.30434782608695654,0.391304347826087,0.2608695652173913,0.7391304347826086,0.43478260869565216,0.6521739130434783,0.5217391304347826,0.43478260869565216,0.4782608695652174,0.391304347826087,0.34782608695652173,0.17391304347826086,0.30434782608695654,0.2608695652173913,0.21739130434782608,0.13043478260869565,0.13043478260869565,0.08695652173913043,0.13043478260869565,0.17391304347826086,0.30434782608695654,0.34782608695652173,0.43478260869565216,0.5217391304347826,0.43478260869565216,0.6956521739130435,0.5652173913043478,0.6521739130434783,0.7391304347826086,0.7391304347826086,0.7391304347826086,0.782608695652174,0.9130434782608695,0.8260869565217391,0.8695652173913043,0.6956521739130435,0.5652173913043478,0.45454545454545453,0.5454545454545454,0.4090909090909091,0.45454545454545453,0.5217391304347826,0.5652173913043478,0.5217391304347826,0.4782608695652174,0.5217391304347826,0.6956521739130435,0.5454545454545454,0.5,0.5,0.4090909090909091,0.3181818181818182,0.18181818181818182,0.22727272727272727,0.22727272727272727,0.4090909090909091,0.045454545454545456,0.045454545454545456
26,家电行业,0.2261904761904762,0.2857142857142857,0.4642857142857143,0.47619047619047616,0.47619047619047616,0.37349397590361444,0.37349397590361444,0.24096385542168675,0.5301204819277109,0.39759036144578314,0.5,0.30952380952380953,0.2289156626506024,0.27710843373493976,0.1927710843373494,0.14457831325301204,0.13253012048192772,0.13253012048192772,0.12048192771084337,0.08433734939759036,0.07228915662650602,0.04819277108433735,0.024096385542168676,0.07228915662650602,0.07228915662650602,0.1566265060240964,0.21686746987951808,0.26506024096385544,0.37349397590361444,0.30120481927710846,0.4578313253012048,0.3614457831325301,0.5421686746987951,0.6626506024096386,0.5903614457831325,0.6867469879518072,0.6144578313253012,0.6987951807228916,0.6746987951807228,0.6746987951807228,0.6144578313253012,0.5542168674698795,0.5301204819277109,0.5783132530120482,0.5301204819277109,0.30120481927710846,0.43373493975903615,0.5903614457831325,0.6024096385542169,0.4939759036144578,0.5060240963855421,0.6144578313253012,0.5542168674698795,0.6385542168674698,0.6867469879518072,0.6987951807228916,0.6024096385542169,0.5060240963855421,0.43373493975903615,0.3373493975903614,0.5662650602409639,0.0,0.0
27,小金属,0.325,0.6,0.825,0.95,0.975,0.975,0.975,0.925,0.9487179487179487,0.8974358974358975,0.8717948717948718,0.8461538461538461,0.8717948717948718,0.8205128205128205,0.575,0.45,0.35,0.475,0.475,0.175,0.1,0.05,0.075,0.125,0.075,0.15,0.125,0.15,0.15,0.2,0.225,0.15,0.2,0.3,0.2,0.15,0.1,0.125,0.125,0.15,0.225,0.2,0.125,0.175,0.125,0.15,0.275,0.275,0.175,0.225,0.3,0.4,0.45,0.5,0.625,0.7,0.725,0.875,0.75,0.9,0.95,0.0,0.0
28,工程咨询服务,0.11428571428571428,0.22857142857142856,0.4,0.4,0.4857142857142857,0.42857142857142855,0.45714285714285713,0.42857142857142855,0.7714285714285715,0.7714285714285715,0.9714285714285714,0.9428571428571428,0.8,0.9428571428571428,0.6857142857142857,0.5714285714285714,0.6571428571428571,0.7428571428571429,0.6857142857142857,0.6857142857142857,0.5428571428571428,0.14285714285714285,0.11428571428571428,0.17142857142857143,0.14285714285714285,0.2857142857142857,0.42857142857142855,0.5142857142857142,0.8,0.7428571428571429,0.6857142857142857,0.4857142857142857,0.6571428571428571,0.6857142857142857,0.6285714285714286,0.7058823529411765,0.6470588235294118,0.6470588235294118,0.5,0.7058823529411765,0.4411764705882353,0.4117647058823529,0.35294117647058826,0.38235294117647056,0.35294117647058826,0.38235294117647056,0.6764705882352942,0.7647058823529411,0.7941176470588235,0.6764705882352942,0.7647058823529411,0.8529411764705882,0.7941176470588235,0.8235294117647058,0.7352941176470589,0.7058823529411765,0.5882352941176471,0.5588235294117647,0.5294117647058824,0.6176470588235294,0.8787878787878788,0.0,0.0
29,工程建设,0.28169014084507044,0.323943661971831,0.6056338028169014,0.5352112676056338,0.49295774647887325,0.4142857142857143,0.44285714285714284,0.45714285714285713,0.8571428571428571,0.8571428571428571,0.9154929577464789,0.9014084507042254,0.8591549295774648,0.8732394366197183,0.7183098591549296,0.7323943661971831,0.7183098591549296,0.7183098591549296,0.6619718309859155,0.6056338028169014,0.43661971830985913,0.14084507042253522,0.2112676056338028,0.2535211267605634,0.11267605633802817,0.30985915492957744,0.323943661971831,0.38028169014084506,0.5915492957746479,0.4647887323943662,0.4507042253521127,0.3380281690140845,0.6619718309859155,0.704225352112676,0.704225352112676,0.7605633802816901,0.7183098591549296,0.7183098591549296,0.6197183098591549,0.647887323943662,0.676056338028169,0.6,0.5142857142857142,0.6,0.6857142857142857,0.6857142857142857,0.8714285714285714,0.8985507246376812,0.9420289855072463,0.9130434782608695,0.8695652173913043,0.927536231884058,0.8714285714285714,0.7428571428571429,0.7714285714285715,0.8142857142857143,0.7571428571428571,0.7285714285714285,0.7428571428571429,0.7571428571428571,0.8857142857142857,0.014285714285714285,0.014285714285714285
30,工程机械,0.18518518518518517,0.37037037037037035,0.4074074074074074,0.4074074074074074,0.4444444444444444,0.4074074074074074,0.4074074074074074,0.2222222222222222,0.5555555555555556,0.2222222222222222,0.5185185185185185,0.4074074074074074,0.37037037037037035,0.4074074074074074,0.25925925925925924,0.2222222222222222,0.18518518518518517,0.2222222222222222,0.25925925925925924,0.2222222222222222,0.14814814814814814,0.07407407407407407,0.038461538461538464,0.07692307692307693,0.038461538461538464,0.11538461538461539,0.11538461538461539,0.19230769230769232,0.4230769230769231,0.2692307692307692,0.34615384615384615,0.19230769230769232,0.6296296296296297,0.6666666666666666,0.6296296296296297,0.7037037037037037,0.6296296296296297,0.48148148148148145,0.3333333333333333,0.4074074074074074,0.4074074074074074,0.37037037037037035,0.37037037037037035,0.3333333333333333,0.37037037037037035,0.18518518518518517,0.48148148148148145,0.48148148148148145,0.6296296296296297,0.48148148148148145,0.5925925925925926,0.7037037037037037,0.7037037037037037,0.6666666666666666,0.7037037037037037,0.5925925925925926,0.5925925925925926,0.6296296296296297,0.5185185185185185,0.5555555555555556,0.6153846153846154,0.037037037037037035,0.037037037037037035
31,房地产开发,0.38317757009345793,0.4392523364485981,0.6915887850467289,0.4672897196261682,0.35514018691588783,0.2523364485981308,0.2897196261682243,0.2616822429906542,0.6542056074766355,0.6728971962616822,0.7757009345794392,0.6822429906542056,0.29906542056074764,0.45794392523364486,0.29906542056074764,0.4485981308411215,0.6074766355140186,0.5607476635514018,0.514018691588785,0.45794392523364486,0.21495327102803738,0.11214953271028037,0.10377358490566038,0.14150943396226415,0.16037735849056603,0.411214953271028,0.4953271028037383,0.4766355140186916,0.6542056074766355,0.5233644859813084,0.6074766355140186,0.5607476635514018,0.822429906542056,0.8504672897196262,0.897196261682243,0.8878504672897196,0.8504672897196262,0.822429906542056,0.8037383177570093,0.822429906542056,0.6635514018691588,0.6448598130841121,0.6635514018691588,0.719626168224299,0.7663551401869159,0.7383177570093458,0.8130841121495327,0.8598130841121495,0.9047619047619048,0.8018867924528302,0.8113207547169812,0.8113207547169812,0.8018867924528302,0.6320754716981132,0.7570093457943925,0.7757009345794392,0.8037383177570093,0.6448598130841121,0.7009345794392523,0.5607476635514018,0.719626168224299,0.018691588785046728,0.009345794392523364
32,房地产服务,0.1875,0.25,0.4375,0.4375,0.4375,0.3125,0.375,0.375,0.5625,0.625,0.6875,0.4375,0.3125,0.375,0.1875,0.375,0.3125,0.375,0.3125,0.125,0.1875,0.0,0.0625,0.0625,0.25,0.3125,0.4375,0.5625,0.5625,0.4375,0.625,0.4375,0.9375,0.875,0.875,0.8125,0.875,0.875,0.75,0.875,0.75,0.625,0.5625,0.625,0.6875,0.6875,0.625,0.6875,0.6875,0.5,0.5,0.5,0.5,0.5,0.625,0.6875,0.75,0.625,0.6875,0.5625,0.625,0.0,0.0
33,教育,0.631578947368421,0.6842105263157895,0.8421052631578947,0.9473684210526315,0.9473684210526315,0.7894736842105263,0.8421052631578947,0.7894736842105263,0.9473684210526315,0.8947368421052632,0.9473684210526315,0.5789473684210527,0.5789473684210527,0.631578947368421,0.47368421052631576,0.3684210526315789,0.21052631578947367,0.21052631578947367,0.21052631578947367,0.10526315789473684,0.0,0.0,0.0,0.0,0.0,0.05263157894736842,0.15789473684210525,0.05263157894736842,0.3684210526315789,0.15789473684210525,0.47368421052631576,0.21052631578947367,0.5789473684210527,0.631578947368421,0.47368421052631576,0.7368421052631579,0.631578947368421,0.7894736842105263,0.7368421052631579,0.7368421052631579,0.6666666666666666,0.6666666666666666,0.4444444444444444,0.3888888888888889,0.2631578947368421,0.42105263157894735,0.5789473684210527,0.7894736842105263,0.7894736842105263,0.5789473684210527,0.8421052631578947,0.9473684210526315,1.0,0.8947368421052632,0.8421052631578947,0.8421052631578947,0.7894736842105263,0.3157894736842105,0.3684210526315789,0.42105263157894735,0.6842105263157895,0.05263157894736842,0.05263157894736842
34,文化传媒,0.20909090909090908,0.21818181818181817,0.3,0.2909090909090909,0.2727272727272727,0.15454545454545454,0.2,0.18181818181818182,0.4727272727272727,0.4,0.5181818181818182,0.37272727272727274,0.33636363636363636,0.4090909090909091,0.32727272727272727,0.34545454545454546,0.3,0.36363636363636365,0.2545454545454545,0.1,0.03636363636363636,0.06363636363636363,0.045454545454545456,0.08181818181818182,0.11818181818181818,0.2545454545454545,0.37272727272727274,0.37272727272727274,0.7181818181818181,0.509090909090909,0.8272727272727273,0.6363636363636364,0.6818181818181818,0.7545454545454545,0.6545454545454545,0.7454545454545455,0.7272727272727273,0.9090909090909091,0.9454545454545454,0.9090909090909091,0.8636363636363636,0.8454545454545455,0.7247706422018348,0.8181818181818182,0.7727272727272727,0.8272727272727273,0.8899082568807339,0.944954128440367,0.9357798165137615,0.8532110091743119,0.9357798165137615,0.9541284403669725,0.9357798165137615,0.9541284403669725,0.8990825688073395,0.6330275229357798,0.5229357798165137,0.3944954128440367,0.3119266055045872,0.25688073394495414,0.41284403669724773,0.009174311926605505,0.0
35,旅游酒店,0.14705882352941177,0.4117647058823529,0.5294117647058824,0.29411764705882354,0.38235294117647056,0.08823529411764706,0.14705882352941177,0.14705882352941177,0.4117647058823529,0.5,0.7647058823529411,0.6470588235294118,0.6470588235294118,0.7647058823529411,0.7352941176470589,0.8529411764705882,0.7647058823529411,0.7941176470588235,0.7058823529411765,0.6470588235294118,0.4117647058823529,0.47058823529411764,0.08823529411764706,0.5588235294117647,0.7058823529411765,0.7352941176470589,0.7352941176470589,0.7352941176470589,0.7647058823529411,0.6470588235294118,0.8823529411764706,0.8235294117647058,0.9705882352941176,0.9705882352941176,0.9117647058823529,0.8529411764705882,0.8529411764705882,0.9411764705882353,0.9117647058823529,0.9117647058823529,0.9117647058823529,0.8823529411764706,0.8235294117647058,0.7647058823529411,0.7058823529411765,0.7058823529411765,0.6764705882352942,0.8235294117647058,0.7647058823529411,0.47058823529411764,0.6470588235294118,0.7647058823529411,0.6176470588235294,0.5,0.47058823529411764,0.5,0.38235294117647056,0.17647058823529413,0.23529411764705882,0.11764705882352941,0.20588235294117646,0.0,0.0
36,有色金属,0.5882352941176471,0.7058823529411765,0.8235294117647058,0.8823529411764706,0.8970588235294118,0.8529411764705882,0.8676470588235294,0.7647058823529411,0.8235294117647058,0.75,0.7313432835820896,0.7164179104477612,0.6417910447761194,0.6417910447761194,0.3582089552238806,0.40298507462686567,0.4626865671641791,0.5522388059701493,0.5671641791044776,0.26865671641791045,0.11940298507462686,0.07462686567164178,0.05970149253731343,0.1044776119402985,0.08955223880597014,0.208955223880597,0.19402985074626866,0.22388059701492538,0.34328358208955223,0.40298507462686567,0.5223880597014925,0.40298507462686567,0.5606060606060606,0.6268656716417911,0.44776119402985076,0.44776119402985076,0.40298507462686567,0.417910447761194,0.29850746268656714,0.5223880597014925,0.44776119402985076,0.4925373134328358,0.373134328358209,0.34328358208955223,0.29850746268656714,0.3582089552238806,0.6268656716417911,0.4626865671641791,0.417910447761194,0.3283582089552239,0.5074626865671642,0.44776119402985076,0.3880597014925373,0.44776119402985076,0.5522388059701493,0.6268656716417911,0.4626865671641791,0.582089552238806,0.5373134328358209,0.7014925373134329,0.8955223880597015,0.014925373134328358,0.0
37,橡胶制品,0.37037037037037035,0.5925925925925926,0.7407407407407407,0.8518518518518519,0.8518518518518519,0.6666666666666666,0.7037037037037037,0.5925925925925926,0.8148148148148148,0.5555555555555556,0.7037037037037037,0.5185185185185185,0.48148148148148145,0.37037037037037035,0.2222222222222222,0.18518518518518517,0.18518518518518517,0.3333333333333333,0.3333333333333333,0.07407407407407407,0.07407407407407407,0.07407407407407407,0.037037037037037035,0.037037037037037035,0.07407407407407407,0.14814814814814814,0.14814814814814814,0.1111111111111111,0.25925925925925924,0.2962962962962963,0.37037037037037035,0.37037037037037035,0.4444444444444444,0.5185185185185185,0.4074074074074074,0.4444444444444444,0.4444444444444444,0.5185185185185185,0.4074074074074074,0.6666666666666666,0.6666666666666666,0.5925925925925926,0.7037037037037037,0.5185185185185185,0.2962962962962963,0.37037037037037035,0.5185185185185185,0.6296296296296297,0.5555555555555556,0.5555555555555556,0.5555555555555556,0.7037037037037037,0.7407407407407407,0.7407407407407407,0.7407407407407407,0.7407407407407407,0.5925925925925926,0.5925925925925926,0.4074074074074074,0.5185185185185185,0.6296296296296297,0.0,0.0
38,水泥建材,0.24242424242424243,0.3939393939393939,0.6666666666666666,0.6060606060606061,0.5151515151515151,0.3333333333333333,0.3333333333333333,0.2727272727272727,0.8181818181818182,0.8484848484848485,0.9696969696969697,0.9090909090909091,0.8484848484848485,0.8484848484848485,0.696969696969697,0.7272727272727273,0.7575757575757576,0.7878787878787878,0.7575757575757576,0.7272727272727273,0.5454545454545454,0.030303030303030304,0.030303030303030304,0.09090909090909091,0.06060606060606061,0.30303030303030304,0.24242424242424243,0.6060606060606061,0.9090909090909091,0.36363636363636365,0.45454545454545453,0.45454545454545453,0.7878787878787878,0.8787878787878788,0.9393939393939394,1.0,0.9696969696969697,1.0,0.9393939393939394,0.9393939393939394,0.7878787878787878,0.696969696969697,0.6363636363636364,0.7878787878787878,0.696969696969697,0.6666666666666666,0.8787878787878788,0.9393939393939394,0.9393939393939394,0.9090909090909091,0.8787878787878788,0.8484848484848485,0.8484848484848485,0.8484848484848485,0.8181818181818182,0.75,0.78125,0.75,0.78125,0.71875,0.90625,0.0,0.0
39,汽车整车,0.08695652173913043,0.13043478260869565,0.21739130434782608,0.30434782608695654,0.34782608695652173,0.34782608695652173,0.34782608695652173,0.21739130434782608,0.5652173913043478,0.17391304347826086,0.2608695652173913,0.17391304347826086,0.17391304347826086,0.21739130434782608,0.08695652173913043,0.043478260869565216,0.043478260869565216,0.043478260869565216,0.043478260869565216,0.08695652173913043,0.0,0.043478260869565216,0.0,0.0,0.0,0.043478260869565216,0.043478260869565216,0.08695652173913043,0.13043478260869565,0.17391304347826086,0.21739130434782608,0.08695652173913043,0.391304347826087,0.4782608695652174,0.34782608695652173,0.391304347826087,0.391304347826087,0.30434782608695654,0.2608695652173913,0.34782608695652173,0.30434782608695654,0.21739130434782608,0.21739130434782608,0.30434782608695654,0.17391304347826086,0.21739130434782608,0.30434782608695654,0.34782608695652173,0.391304347826087,0.2608695652173913,0.30434782608695654,0.34782608695652173,0.391304347826087,0.4782608695652174,0.6521739130434783,0.6956521739130435,0.7391304347826086,0.6521739130434783,0.5217391304347826,0.5217391304347826,0.782608695652174,0.0,0.0
40,汽车服务,0.14285714285714285,0.07142857142857142,0.6428571428571429,0.7142857142857143,0.5714285714285714,0.2857142857142857,0.35714285714285715,0.2857142857142857,0.7857142857142857,0.6428571428571429,0.7857142857142857,0.5714285714285714,0.35714285714285715,0.5,0.2857142857142857,0.2857142857142857,0.2857142857142857,0.2857142857142857,0.35714285714285715,0.2857142857142857,0.14285714285714285,0.0,0.0,0.0,0.0,0.0,0.0,0.07142857142857142,0.21428571428571427,0.14285714285714285,0.2857142857142857,0.2857142857142857,0.5,0.5,0.2857142857142857,0.35714285714285715,0.35714285714285715,0.7142857142857143,0.5,0.7142857142857143,0.5714285714285714,0.5,0.42857142857142855,0.5,0.5,0.42857142857142855,0.7142857142857143,0.8571428571428571,0.8571428571428571,0.6428571428571429,0.5714285714285714,0.6428571428571429,0.5,0.5,0.5,0.35714285714285715,0.35714285714285715,0.35714285714285715,0.2857142857142857,0.14285714285714285,0.5714285714285714,0.0,0.0
41,汽车零部件,0.1686046511627907,0.28488372093023256,0.5058139534883721,0.627906976744186,0.6337209302325582,0.5058139534883721,0.5523255813953488,0.3684210526315789,0.6432748538011696,0.34502923976608185,0.45614035087719296,0.2807017543859649,0.2411764705882353,0.24705882352941178,0.1588235294117647,0.13450292397660818,0.08771929824561403,0.11695906432748537,0.14619883040935672,0.09941520467836257,0.052941176470588235,0.047058823529411764,0.058823529411764705,0.12352941176470589,0.09411764705882353,0.2046783625730994,0.2046783625730994,0.19298245614035087,0.3742690058479532,0.40350877192982454,0.6666666666666666,0.43859649122807015,0.45614035087719296,0.4093567251461988,0.28654970760233917,0.2982456140350877,0.21637426900584794,0.38011695906432746,0.25146198830409355,0.39766081871345027,0.34502923976608185,0.3391812865497076,0.30994152046783624,0.40350877192982454,0.36257309941520466,0.3742690058479532,0.6198830409356725,0.47058823529411764,0.4647058823529412,0.32941176470588235,0.3431952662721893,0.4556213017751479,0.4319526627218935,0.46745562130177515,0.46745562130177515,0.5325443786982249,0.47337278106508873,0.48520710059171596,0.31952662721893493,0.5384615384615384,0.7692307692307693,0.011834319526627219,0.011834319526627219
42,消费电子,0.16470588235294117,0.25882352941176473,0.36470588235294116,0.5058823529411764,0.5176470588235295,0.43529411764705883,0.4823529411764706,0.38823529411764707,0.6588235294117647,0.32941176470588235,0.43529411764705883,0.23529411764705882,0.16470588235294117,0.18823529411764706,0.15294117647058825,0.11764705882352941,0.10588235294117647,0.11764705882352941,0.1411764705882353,0.09411764705882353,0.08235294117647059,0.03529411764705882,0.03529411764705882,0.058823529411764705,0.058823529411764705,0.16666666666666666,0.15476190476190477,0.19047619047619047,0.4523809523809524,0.4642857142857143,0.5357142857142857,0.40476190476190477,0.4166666666666667,0.5119047619047619,0.39285714285714285,0.4523809523809524,0.34523809523809523,0.47619047619047616,0.47619047619047616,0.6904761904761905,0.6071428571428571,0.5357142857142857,0.35714285714285715,0.4642857142857143,0.3333333333333333,0.34523809523809523,0.5476190476190477,0.5301204819277109,0.37349397590361444,0.30120481927710846,0.40963855421686746,0.5180722891566265,0.5301204819277109,0.5421686746987951,0.4939759036144578,0.4578313253012048,0.4457831325301205,0.37349397590361444,0.30120481927710846,0.43373493975903615,0.6144578313253012,0.0,0.0
43,游戏,0.21621621621621623,0.2972972972972973,0.2702702702702703,0.24324324324324326,0.16216216216216217,0.16216216216216217,0.16216216216216217,0.16216216216216217,0.2972972972972973,0.16216216216216217,0.32432432432432434,0.16216216216216217,0.10810810810810811,0.13513513513513514,0.05405405405405406,0.08108108108108109,0.08108108108108109,0.13513513513513514,0.13513513513513514,0.10810810810810811,0.05405405405405406,0.05405405405405406,0.02702702702702703,0.08108108108108109,0.05405405405405406,0.21621621621621623,0.24324324324324326,0.24324324324324326,0.4594594594594595,0.24324324324324326,0.5675675675675675,0.40540540540540543,0.3783783783783784,0.5135135135135135,0.3783783783783784,0.5945945945945946,0.5945945945945946,0.8108108108108109,0.8378378378378378,0.8108108108108109,0.7027027027027027,0.7567567567567568,0.43243243243243246,0.5675675675675675,0.6216216216216216,0.7567567567567568,0.8378378378378378,0.8648648648648649,0.7837837837837838,0.6486486486486487,0.8918918918918919,0.9459459459459459,0.972972972972973,0.972972972972973,0.918918918918919,0.6756756756756757,0.3783783783783784,0.43243243243243246,0.32432432432432434,0.35135135135135137,0.35135135135135137,0.0,0.0
44,煤炭行业,0.8823529411764706,0.9411764705882353,0.9705882352941176,0.9411764705882353,0.9411764705882353,0.8823529411764706,0.7058823529411765,0.8529411764705882,0.9705882352941176,0.9705882352941176,0.9705882352941176,0.9117647058823529,0.7058823529411765,0.6470588235294118,0.5882352941176471,0.7352941176470589,0.7647058823529411,0.7352941176470589,0.5882352941176471,0.5882352941176471,0.2647058823529412,0.058823529411764705,0.2647058823529412,0.29411764705882354,0.29411764705882354,0.6470588235294118,0.7058823529411765,0.5294117647058824,0.5588235294117647,0.5294117647058824,0.3235294117647059,0.20588235294117646,0.6764705882352942,0.5,0.6176470588235294,0.7058823529411765,0.4117647058823529,0.38235294117647056,0.35294117647058826,0.5882352941176471,0.2647058823529412,0.29411764705882354,0.35294117647058826,0.38235294117647056,0.7352941176470589,0.7647058823529411,0.9117647058823529,0.8529411764705882,0.7647058823529411,0.7352941176470589,0.9117647058823529,0.9117647058823529,0.7941176470588235,0.5,0.8529411764705882,0.8529411764705882,0.9411764705882353,0.9411764705882353,0.9411764705882353,0.9705882352941176,0.9705882352941176,0.0,0.0
45,燃气,0.6129032258064516,0.8709677419354839,0.967741935483871,0.967741935483871,0.9032258064516129,0.967741935483871,0.967741935483871,0.9354838709677419,0.9032258064516129,0.9032258064516129,0.8387096774193549,0.7741935483870968,0.6129032258064516,0.5161290322580645,0.3225806451612903,0.25806451612903225,0.2903225806451613,0.41935483870967744,0.3870967741935484,0.45161290322580644,0.03225806451612903,0.0,0.0,0.0,0.0,0.0,0.0,0.0,0.0,0.03225806451612903,0.16666666666666666,0.1,0.4666666666666667,0.4666666666666667,0.4666666666666667,0.43333333333333335,0.4666666666666667,0.4,0.36666666666666664,0.4666666666666667,0.41935483870967744,0.3225806451612903,0.3548387096774194,0.45161290322580644,0.6451612903225806,0.4838709677419355,0.6451612903225806,0.6129032258064516,0.45161290322580644,0.3548387096774194,0.6774193548387096,0.7741935483870968,0.4838709677419355,0.3870967741935484,0.3548387096774194,0.41935483870967744,0.5161290322580645,0.5666666666666667,0.5333333333333333,0.6333333333333333,0.6666666666666666,0.03333333333333333,0.06451612903225806
46,物流行业,0.5686274509803921,0.7450980392156863,0.8431372549019608,0.7254901960784313,0.6862745098039216,0.6078431372549019,0.5769230769230769,0.38461538461538464,0.6538461538461539,0.5192307692307693,0.6666666666666666,0.5686274509803921,0.37254901960784315,0.35294117647058826,0.21568627450980393,0.3137254901960784,0.3333333333333333,0.35294117647058826,0.3137254901960784,0.3333333333333333,0.19230769230769232,0.11538461538461539,0.07692307692307693,0.11538461538461539,0.07692307692307693,0.1346153846153846,0.21153846153846154,0.25,0.40384615384615385,0.36538461538461536,0.4230769230769231,0.38461538461538464,0.6538461538461539,0.7115384615384616,0.6923076923076923,0.5192307692307693,0.5192307692307693,0.6923076923076923,0.7307692307692307,0.7307692307692307,0.5769230769230769,0.6153846153846154,0.6923076923076923,0.6470588235294118,0.6666666666666666,0.6470588235294118,0.803921568627451,0.7843137254901961,0.8076923076923077,0.8076923076923077,0.7692307692307693,0.7884615384615384,0.75,0.8076923076923077,0.8269230769230769,0.7307692307692307,0.6538461538461539,0.5961538461538461,0.5192307692307693,0.5961538461538461,0.7307692307692307,0.0,0.0
47,环保行业,0.2815533980582524,0.4563106796116505,0.6601941747572816,0.7572815533980582,0.7572815533980582,0.7087378640776699,0.6699029126213593,0.47572815533980584,0.8543689320388349,0.7766990291262136,0.8640776699029126,0.7864077669902912,0.7961165048543689,0.6116504854368932,0.30097087378640774,0.32038834951456313,0.36893203883495146,0.39805825242718446,0.21359223300970873,0.13592233009708737,0.08737864077669903,0.04854368932038835,0.038834951456310676,0.06796116504854369,0.05825242718446602,0.07766990291262135,0.0784313725490196,0.13725490196078433,0.45098039215686275,0.2549019607843137,0.46078431372549017,0.27450980392156865,0.5294117647058824,0.696078431372549,0.5882352941176471,0.6176470588235294,0.6213592233009708,0.7864077669902912,0.6893203883495146,0.7281553398058253,0.6310679611650486,0.5048543689320388,0.49019607843137253,0.5,0.4803921568627451,0.30392156862745096,0.6666666666666666,0.6862745098039216,0.7156862745098039,0.6470588235294118,0.8137254901960784,0.8333333333333334,0.5980392156862745,0.5098039215686274,0.46078431372549017,0.38235294117647056,0.45098039215686275,0.4215686274509804,0.4019607843137255,0.5098039215686274,0.8529411764705882,0.00980392156862745,0.00980392156862745
48,玻璃玻纤,0.15789473684210525,0.3157894736842105,0.3684210526315789,0.3157894736842105,0.42105263157894735,0.47368421052631576,0.47368421052631576,0.3157894736842105,0.6842105263157895,0.42105263157894735,0.5263157894736842,0.5263157894736842,0.47368421052631576,0.47368421052631576,0.15789473684210525,0.10526315789473684,0.2631578947368421,0.3684210526315789,0.3157894736842105,0.05263157894736842,0.10526315789473684,0.0,0.05263157894736842,0.10526315789473684,0.10526315789473684,0.15789473684210525,0.10526315789473684,0.10526315789473684,0.42105263157894735,0.21052631578947367,0.42105263157894735,0.3157894736842105,0.3684210526315789,0.47368421052631576,0.47368421052631576,0.47368421052631576,0.42105263157894735,0.3684210526315789,0.42105263157894735,0.631578947368421,0.42105263157894735,0.42105263157894735,0.42105263157894735,0.3157894736842105,0.42105263157894735,0.42105263157894735,0.47368421052631576,0.47368421052631576,0.42105263157894735,0.3684210526315789,0.47368421052631576,0.631578947368421,0.631578947368421,0.5789473684210527,0.631578947368421,0.5789473684210527,0.6842105263157895,0.5789473684210527,0.5789473684210527,0.5789473684210527,0.631578947368421,0.0,0.0
49,珠宝首饰,0.375,0.4375,0.6875,0.5625,0.625,0.5625,0.5625,0.625,0.6875,0.6875,0.75,0.6875,0.625,0.625,0.625,0.5625,0.5,0.5625,0.5625,0.375,0.125,0.0,0.0625,0.125,0.1875,0.0625,0.125,0.1875,0.4375,0.3125,0.6875,0.625,0.75,0.75,0.6875,0.75,0.6875,0.75,0.75,0.8125,0.7333333333333333,0.4375,0.3125,0.375,0.4375,0.375,0.3125,0.5625,0.5,0.375,0.4375,0.5,0.4375,0.5333333333333333,0.5333333333333333,0.6666666666666666,0.7333333333333333,0.6,0.6666666666666666,0.5333333333333333,0.7333333333333333,0.07142857142857142,0.0
50,生物制品,0.34782608695652173,0.6521739130434783,0.6956521739130435,0.6739130434782609,0.6521739130434783,0.6521739130434783,0.5434782608695652,0.2826086956521739,0.4782608695652174,0.2391304347826087,0.30434782608695654,0.10869565217391304,0.06666666666666667,0.06666666666666667,0.06666666666666667,0.022222222222222223,0.022222222222222223,0.06666666666666667,0.044444444444444446,0.044444444444444446,0.022222222222222223,0.0,0.0,0.0,0.044444444444444446,0.06666666666666667,0.15555555555555556,0.17777777777777778,0.35555555555555557,0.5111111111111111,0.6818181818181818,0.7045454545454546,0.5909090909090909,0.7045454545454546,0.6818181818181818,0.5227272727272727,0.45454545454545453,0.46511627906976744,0.46511627906976744,0.6046511627906976,0.5813953488372093,0.46511627906976744,0.4883720930232558,0.4418604651162791,0.47619047619047616,0.40476190476190477,0.30952380952380953,0.40476190476190477,0.35714285714285715,0.3333333333333333,0.3333333333333333,0.42857142857142855,0.42857142857142855,0.5365853658536586,0.3902439024390244,0.3170731707317073,0.475,0.325,0.275,0.35,0.55,0.0,0.0
51,电力行业,0.4935064935064935,0.8571428571428571,0.961038961038961,0.8181818181818182,0.8051948051948052,0.8311688311688312,0.7662337662337663,0.4805194805194805,0.6103896103896104,0.4805194805194805,0.6623376623376623,0.5064935064935064,0.4025974025974026,0.4025974025974026,0.24675324675324675,0.2857142857142857,0.4155844155844156,0.5974025974025974,0.4935064935064935,0.3116883116883117,0.03896103896103896,0.0,0.012987012987012988,0.012987012987012988,0.012987012987012988,0.1038961038961039,0.07894736842105263,0.10526315789473684,0.09210526315789473,0.09210526315789473,0.06578947368421052,0.07894736842105263,0.09210526315789473,0.06578947368421052,0.09210526315789473,0.09210526315789473,0.10526315789473684,0.25,0.27631578947368424,0.4868421052631579,0.5921052631578947,0.5,0.42105263157894735,0.5657894736842105,0.7631578947368421,0.7368421052631579,0.881578947368421,0.631578947368421,0.75,0.7631578947368421,0.9078947368421053,0.9342105263157895,0.9473684210526315,0.868421052631579,0.8947368421052632,0.88,0.88,0.8933333333333333,0.8533333333333334,0.8266666666666667,0.88,0.0,0.0
52,电子元件,0.09278350515463918,0.29896907216494845,0.3917525773195876,0.5463917525773195,0.6494845360824743,0.5773195876288659,0.5567010309278351,0.44329896907216493,0.6391752577319587,0.23711340206185566,0.29896907216494845,0.13402061855670103,0.20618556701030927,0.1134020618556701,0.10309278350515463,0.061855670103092786,0.08247422680412371,0.13402061855670103,0.14432989690721648,0.05154639175257732,0.10309278350515463,0.09278350515463918,0.07216494845360824,0.08333333333333333,0.07291666666666667,0.10416666666666667,0.125,0.19791666666666666,0.3541666666666667,0.4270833333333333,0.4583333333333333,0.2916666666666667,0.2708333333333333,0.34375,0.23958333333333334,0.2708333333333333,0.19791666666666666,0.3541666666666667,0.3020833333333333,0.5104166666666666,0.5625,0.5416666666666666,0.3958333333333333,0.4583333333333333,0.40625,0.4,0.42105263157894735,0.3157894736842105,0.2631578947368421,0.21052631578947367,0.2631578947368421,0.47368421052631576,0.4421052631578947,0.43157894736842106,0.37894736842105264,0.35789473684210527,0.3894736842105263,0.3684210526315789,0.2631578947368421,0.47368421052631576,0.6736842105263158,0.0,0.0
53,电子化学品,0.2857142857142857,0.7619047619047619,0.8571428571428571,0.8571428571428571,0.8571428571428571,0.9047619047619048,0.9047619047619048,0.9047619047619048,0.9523809523809523,0.38095238095238093,0.3333333333333333,0.25,0.1,0.05,0.05,0.05,0.05,0.05,0.05,0.1,0.0,0.0,0.0,0.0,0.0,0.09523809523809523,0.09523809523809523,0.14285714285714285,0.42857142857142855,0.7142857142857143,0.7142857142857143,0.5238095238095238,0.47619047619047616,0.5238095238095238,0.3333333333333333,0.3333333333333333,0.23809523809523808,0.38095238095238093,0.3333333333333333,0.47619047619047616,0.5714285714285714,0.42857142857142855,0.3333333333333333,0.2857142857142857,0.19047619047619047,0.09523809523809523,0.23809523809523808,0.14285714285714285,0.19047619047619047,0.09523809523809523,0.14285714285714285,0.2857142857142857,0.23809523809523808,0.3333333333333333,0.19047619047619047,0.19047619047619047,0.19047619047619047,0.38095238095238093,0.19047619047619047,0.5238095238095238,0.7619047619047619,0.047619047619047616,0.0
54,电机,0.25,0.3,0.4,0.5,0.55,0.6,0.5,0.35,0.65,0.35,0.45,0.25,0.25,0.35,0.2,0.2,0.15,0.2,0.2,0.1,0.0,0.0,0.0,0.05,0.05,0.05,0.1,0.1,0.15,0.15,0.35,0.3,0.25,0.3,0.15,0.2,0.1,0.25,0.2,0.35,0.5,0.45,0.35,0.3,0.2,0.15,0.2,0.2,0.25,0.35,0.4,0.5,0.45,0.35,0.4,0.35,0.4,0.4,0.3,0.45,0.7,0.0,0.0
55,电池,0.125,0.175,0.375,0.675,0.775,0.725,0.675,0.5,0.625,0.4,0.375,0.325,0.35,0.2,0.15,0.125,0.125,0.1,0.15,0.15,0.15,0.15,0.125,0.225,0.125,0.375,0.175,0.1,0.15384615384615385,0.358974358974359,0.38461538461538464,0.20512820512820512,0.20512820512820512,0.1794871794871795,0.07692307692307693,0.05128205128205128,0.07692307692307693,0.07692307692307693,0.1,0.175,0.175,0.125,0.125,0.125,0.075,0.075,0.075,0.15,0.15,0.1,0.125,0.175,0.175,0.2,0.325,0.475,0.4,0.425,0.2,0.525,0.725,0.025,0.025
56,电源设备,0.36,0.52,0.8,0.8,0.8,0.64,0.64,0.44,0.6,0.48,0.6,0.44,0.44,0.16,0.08,0.04,0.04,0.12,0.08,0.08,0.0,0.0,0.04,0.04,0.0,0.24,0.12,0.16,0.24,0.28,0.28,0.16,0.2,0.28,0.24,0.24,0.24,0.36,0.28,0.48,0.52,0.48,0.44,0.4,0.44,0.36,0.52,0.52,0.56,0.48,0.68,0.52,0.48,0.48,0.44,0.28,0.2,0.24,0.12,0.36,0.64,0.0,0.0
57,电网设备,0.2396694214876033,0.4214876033057851,0.6115702479338843,0.7603305785123967,0.7851239669421488,0.6446280991735537,0.7024793388429752,0.49586776859504134,0.7768595041322314,0.45454545454545453,0.5537190082644629,0.2644628099173554,0.21487603305785125,0.19008264462809918,0.09917355371900827,0.09090909090909091,0.08264462809917356,0.1487603305785124,0.17355371900826447,0.11570247933884298,0.0743801652892562,0.05785123966942149,0.05785123966942149,0.08264462809917356,0.03305785123966942,0.1487603305785124,0.12396694214876033,0.1322314049586777,0.3140495867768595,0.2892561983471074,0.371900826446281,0.24793388429752067,0.3305785123966942,0.33884297520661155,0.1487603305785124,0.11570247933884298,0.14049586776859505,0.2727272727272727,0.2231404958677686,0.3140495867768595,0.3140495867768595,0.32231404958677684,0.30578512396694213,0.2644628099173554,0.256198347107438,0.2396694214876033,0.3884297520661157,0.3884297520661157,0.4,0.43333333333333335,0.625,0.6333333333333333,0.6,0.425,0.39166666666666666,0.26666666666666666,0.24166666666666667,0.35,0.25833333333333336,0.43333333333333335,0.625,0.0,0.0
58,石油行业,0.6,0.85,1.0,0.9,0.75,0.75,0.8,0.85,0.8,0.75,0.75,0.55,0.5,0.4,0.45,0.4,0.45,0.6,0.5,0.5,0.3,0.05,0.05,0.05,0.0,0.05,0.1,0.1,0.5,0.45,0.5,0.5,0.75,0.75,0.8,0.9,0.85,0.8,0.75,0.75,0.65,0.6,0.6,0.6,0.5,0.65,0.8,0.7,0.7,0.55,0.85,0.9,0.6,0.65,0.65,0.65,0.75,0.85,0.65,0.75,0.8,0.0,0.0
59,纺织服装,0.47,0.46,0.58,0.61,0.48,0.41,0.47,0.26,0.64,0.54,0.69,0.48,0.43,0.45,0.21,0.26,0.14,0.27,0.22,0.2,0.12,0.08,0.02,0.07,0.09,0.13,0.21,0.27,0.52,0.4,0.66,0.58,0.78,0.82,0.78,0.7777777777777778,0.7474747474747475,0.8383838383838383,0.8181818181818182,0.7755102040816326,0.5959595959595959,0.5858585858585859,0.5656565656565656,0.5757575757575758,0.45454545454545453,0.3838383838383838,0.6262626262626263,0.7373737373737373,0.7373737373737373,0.5252525252525253,0.5252525252525253,0.6666666666666666,0.5757575757575758,0.5959595959595959,0.5454545454545454,0.6666666666666666,0.5353535353535354,0.40404040404040403,0.36363636363636365,0.4444444444444444,0.6464646464646465,0.01020408163265306,0.0
60,综合行业,0.5416666666666666,0.7916666666666666,0.875,0.88,0.88,0.84,0.8,0.72,0.92,0.76,0.8,0.6,0.48,0.52,0.4,0.4,0.36,0.52,0.4,0.24,0.12,0.04,0.0,0.0,0.04,0.12,0.12,0.12,0.36,0.24,0.56,0.52,0.52,0.56,0.52,0.52,0.48,0.56,0.56,0.68,0.56,0.4,0.36,0.44,0.48,0.52,0.68,0.8,0.76,0.68,0.72,0.84,0.8,0.68,0.6,0.68,0.6,0.6,0.52,0.68,0.84,0.0,0.0
61,美容护理,0.5,0.5,0.35714285714285715,0.5,0.42857142857142855,0.4642857142857143,0.4642857142857143,0.21428571428571427,0.5357142857142857,0.2857142857142857,0.4642857142857143,0.14285714285714285,0.10714285714285714,0.10714285714285714,0.10714285714285714,0.03571428571428571,0.0,0.03571428571428571,0.07142857142857142,0.07142857142857142,0.07142857142857142,0.07142857142857142,0.07142857142857142,0.07142857142857142,0.07142857142857142,0.07142857142857142,0.14285714285714285,0.25,0.5,0.32142857142857145,0.5714285714285714,0.5357142857142857,0.7142857142857143,0.7142857142857143,0.6785714285714286,0.6785714285714286,0.6071428571428571,0.6428571428571429,0.6428571428571429,0.6428571428571429,0.5,0.35714285714285715,0.35714285714285715,0.25,0.25,0.21428571428571427,0.25,0.42857142857142855,0.39285714285714285,0.32142857142857145,0.4642857142857143,0.5714285714285714,0.6785714285714286,0.6785714285714286,0.6428571428571429,0.6428571428571429,0.75,0.6071428571428571,0.39285714285714285,0.35714285714285715,0.6785714285714286,0.0,0.0
62,能源金属,0.42857142857142855,0.5714285714285714,1.0,1.0,1.0,1.0,1.0,1.0,1.0,1.0,1.0,1.0,1.0,0.7142857142857143,0.7142857142857143,0.42857142857142855,0.2857142857142857,0.2857142857142857,0.0,0.0,0.2857142857142857,0.14285714285714285,0.14285714285714285,0.2857142857142857,0.14285714285714285,0.5714285714285714,0.0,0.0,0.0,0.14285714285714285,0.0,0.14285714285714285,0.0,0.14285714285714285,0.0,0.0,0.0,0.0,0.0,0.0,0.14285714285714285,0.0,0.0,0.0,0.0,0.0,0.0,0.14285714285714285,0.0,0.0,0.2857142857142857,0.2857142857142857,0.2857142857142857,0.5714285714285714,0.7142857142857143,1.0,0.7142857142857143,0.5714285714285714,0.42857142857142855,0.8571428571428571,0.8571428571428571,0.0,0.0
63,航天航空,0.20588235294117646,0.4117647058823529,0.7352941176470589,0.8823529411764706,0.9705882352941176,0.8529411764705882,0.8235294117647058,0.9117647058823529,0.9411764705882353,0.5294117647058824,0.5,0.29411764705882354,0.4117647058823529,0.23529411764705882,0.23529411764705882,0.17647058823529413,0.058823529411764705,0.11764705882352941,0.11764705882352941,0.058823529411764705,0.058823529411764705,0.058823529411764705,0.058823529411764705,0.058823529411764705,0.058823529411764705,0.0,0.0,0.058823529411764705,0.08823529411764706,0.14705882352941177,0.17647058823529413,0.08823529411764706,0.11764705882352941,0.08823529411764706,0.029411764705882353,0.058823529411764705,0.11764705882352941,0.20588235294117646,0.17647058823529413,0.6764705882352942,0.6764705882352942,0.6176470588235294,0.35294117647058826,0.20588235294117646,0.17647058823529413,0.20588235294117646,0.17647058823529413,0.14705882352941177,0.11764705882352941,0.11764705882352941,0.38235294117647056,0.38235294117647056,0.38235294117647056,0.47058823529411764,0.29411764705882354,0.3235294117647059,0.3235294117647059,0.47058823529411764,0.29411764705882354,0.6470588235294118,0.7352941176470589,0.0,0.0
64,航空机场,0.0,0.4166666666666667,0.5833333333333334,0.16666666666666666,0.16666666666666666,0.08333333333333333,0.08333333333333333,0.08333333333333333,0.3333333333333333,0.25,0.5833333333333334,0.8333333333333334,0.5,0.75,0.6666666666666666,0.75,0.9166666666666666,0.9166666666666666,0.8333333333333334,0.8333333333333334,0.8333333333333334,0.8333333333333334,0.5833333333333334,0.6666666666666666,0.8333333333333334,0.8333333333333334,0.8333333333333334,0.75,0.8333333333333334,0.9166666666666666,0.6666666666666666,0.5833333333333334,0.9166666666666666,1.0,0.9166666666666666,1.0,1.0,0.9166666666666666,0.9166666666666666,1.0,0.9166666666666666,0.9166666666666666,0.9166666666666666,0.9166666666666666,0.9166666666666666,0.5,0.5,0.6666666666666666,0.5833333333333334,0.16666666666666666,0.25,0.3333333333333333,0.16666666666666666,0.3333333333333333,0.25,0.5833333333333334,0.5833333333333334,0.4166666666666667,0.4166666666666667,0.16666666666666666,0.16666666666666666,0.0,0.0
65,航运港口,0.7333333333333333,0.8666666666666667,0.9666666666666667,0.9,0.8333333333333334,0.9,0.6666666666666666,0.13333333333333333,0.7333333333333333,0.7666666666666667,0.8666666666666667,0.9333333333333333,0.8,0.8666666666666667,0.6333333333333333,0.7666666666666667,0.9,0.9666666666666667,0.9333333333333333,0.8333333333333334,0.3333333333333333,0.06666666666666667,0.03333333333333333,0.1,0.06666666666666667,0.13333333333333333,0.2,0.23333333333333334,0.43333333333333335,0.16666666666666666,0.16666666666666666,0.16666666666666666,0.9,0.9,0.9333333333333333,0.8666666666666667,0.9,0.9,0.9333333333333333,0.9333333333333333,0.6,0.5,0.5,0.43333333333333335,0.5333333333333333,0.5,0.7666666666666667,0.8666666666666667,0.9333333333333333,0.8,0.9,0.9,0.8,0.8,0.9333333333333333,0.9666666666666667,0.9666666666666667,0.9,0.9,0.9,0.9666666666666667,0.0,0.0
66,船舶制造,0.1111111111111111,0.1111111111111111,0.7777777777777778,1.0,1.0,0.6666666666666666,0.5555555555555556,0.8888888888888888,0.4444444444444444,0.2222222222222222,0.2222222222222222,0.0,0.1111111111111111,0.0,0.0,0.0,0.0,0.1111111111111111,0.1111111111111111,0.1111111111111111,0.0,0.0,0.0,0.0,0.1111111111111111,0.2222222222222222,0.1111111111111111,0.2222222222222222,0.2222222222222222,0.3333333333333333,0.4444444444444444,0.2222222222222222,0.4444444444444444,0.125,0.0,0.5,0.625,0.625,0.5,0.75,0.75,0.75,0.625,0.1111111111111111,0.1111111111111111,0.1111111111111111,0.3333333333333333,0.3333333333333333,0.4444444444444444,0.3333333333333333,0.7777777777777778,0.7777777777777778,0.7777777777777778,0.6666666666666666,0.6666666666666666,0.7777777777777778,0.8888888888888888,0.8888888888888888,0.4444444444444444,1.0,1.0,0.1111111111111111,0.1111111111111111
67,装修建材,0.2878787878787879,0.3333333333333333,0.5151515151515151,0.5303030303030303,0.42424242424242425,0.3880597014925373,0.3880597014925373,0.2835820895522388,0.5671641791044776,0.5074626865671642,0.5671641791044776,0.5223880597014925,0.31343283582089554,0.34328358208955223,0.14925373134328357,0.13432835820895522,0.208955223880597,0.14925373134328357,0.11940298507462686,0.08955223880597014,0.08955223880597014,0.029850746268656716,0.014925373134328358,0.07462686567164178,0.05970149253731343,0.14925373134328357,0.22388059701492538,0.43283582089552236,0.5373134328358209,0.3582089552238806,0.43283582089552236,0.44776119402985076,0.6417910447761194,0.8059701492537313,0.7910447761194029,0.8507462686567164,0.7910447761194029,0.835820895522388,0.7727272727272727,0.8484848484848485,0.7727272727272727,0.7575757575757576,0.7611940298507462,0.7014925373134329,0.6865671641791045,0.5671641791044776,0.6865671641791045,0.7910447761194029,0.7761194029850746,0.6417910447761194,0.6716417910447762,0.7611940298507462,0.7164179104477612,0.7164179104477612,0.746268656716418,0.7611940298507462,0.7761194029850746,0.6567164179104478,0.6268656716417911,0.44776119402985076,0.5522388059701493,0.014925373134328358,0.014925373134328358
68,装修装饰,0.13953488372093023,0.2558139534883721,0.4418604651162791,0.46511627906976744,0.37209302325581395,0.2558139534883721,0.5116279069767442,0.37209302325581395,0.7906976744186046,0.7209302325581395,0.8372093023255814,0.7674418604651163,0.627906976744186,0.6046511627906976,0.32558139534883723,0.3488372093023256,0.3023255813953488,0.32558139534883723,0.27906976744186046,0.2558139534883721,0.06976744186046512,0.0,0.023255813953488372,0.09302325581395349,0.06976744186046512,0.13953488372093023,0.11627906976744186,0.20930232558139536,0.4418604651162791,0.3023255813953488,0.5116279069767442,0.37209302325581395,0.5813953488372093,0.6744186046511628,0.6744186046511628,0.6744186046511628,0.6511627906976745,0.7906976744186046,0.7441860465116279,0.7209302325581395,0.6046511627906976,0.46511627906976744,0.4418604651162791,0.5348837209302325,0.5348837209302325,0.5348837209302325,0.7674418604651163,0.8372093023255814,0.8809523809523809,0.7619047619047619,0.7857142857142857,0.8333333333333334,0.8333333333333334,0.8536585365853658,0.7560975609756098,0.7560975609756098,0.6585365853658537,0.6585365853658537,0.7073170731707317,0.5365853658536586,0.7073170731707317,0.0,0.0
69,计算机设备,0.0851063829787234,0.2978723404255319,0.425531914893617,0.574468085106383,0.6382978723404256,0.44680851063829785,0.5106382978723404,0.5319148936170213,0.7659574468085106,0.6170212765957447,0.7021276595744681,0.2978723404255319,0.2553191489361702,0.23404255319148937,0.2127659574468085,0.2553191489361702,0.23404255319148937,0.2765957446808511,0.2978723404255319,0.10638297872340426,0.0851063829787234,0.0851063829787234,0.06382978723404255,0.2127659574468085,0.3191489361702128,0.46808510638297873,0.5106382978723404,0.5531914893617021,0.7872340425531915,0.7872340425531915,0.8085106382978723,0.5531914893617021,0.7021276595744681,0.6382978723404256,0.5957446808510638,0.6170212765957447,0.5106382978723404,0.723404255319149,0.723404255319149,0.851063829787234,0.7021276595744681,0.6808510638297872,0.6170212765957447,0.6170212765957447,0.3829787234042553,0.425531914893617,0.6170212765957447,0.7659574468085106,0.7021276595744681,0.574468085106383,0.7021276595744681,0.851063829787234,0.7872340425531915,0.7659574468085106,0.723404255319149,0.6382978723404256,0.6595744680851063,0.6382978723404256,0.5106382978723404,0.5106382978723404,0.8723404255319149,0.0,0.0
70,证券,0.0625,0.0625,0.125,0.0625,0.0625,0.041666666666666664,0.041666666666666664,0.020833333333333332,0.22916666666666666,0.125,0.2708333333333333,0.10416666666666667,0.0625,0.08333333333333333,0.08333333333333333,0.0625,0.2916666666666667,0.25,0.22916666666666666,0.14583333333333334,0.041666666666666664,0.041666666666666664,0.125,0.1276595744680851,0.06382978723404255,0.1702127659574468,0.2978723404255319,0.2978723404255319,0.10638297872340426,0.0625,0.020833333333333332,0.041666666666666664,0.3125,0.4375,0.3958333333333333,0.3125,0.3333333333333333,0.2708333333333333,0.5208333333333334,0.5833333333333334,0.625,0.6041666666666666,0.5,0.5833333333333334,0.4375,0.4375,0.6458333333333334,0.7659574468085106,0.8085106382978723,0.6170212765957447,0.9148936170212766,0.9148936170212766,0.851063829787234,0.8125,0.9375,0.9375,0.9791666666666666,0.9166666666666666,0.8541666666666666,0.8333333333333334,0.8541666666666666,0.020833333333333332,0.020833333333333332
71,贵金属,0.9230769230769231,0.8461538461538461,0.9230769230769231,0.9230769230769231,0.9230769230769231,0.9230769230769231,1.0,1.0,0.9230769230769231,1.0,0.7692307692307693,0.7692307692307693,0.8461538461538461,0.3076923076923077,0.6923076923076923,0.38461538461538464,0.23076923076923078,0.3076923076923077,0.38461538461538464,0.23076923076923078,0.15384615384615385,0.07692307692307693,0.15384615384615385,0.6153846153846154,0.6923076923076923,0.46153846153846156,0.5384615384615384,0.6923076923076923,0.46153846153846156,0.46153846153846156,0.46153846153846156,0.5384615384615384,1.0,0.8461538461538461,0.6153846153846154,0.46153846153846156,0.38461538461538464,0.46153846153846156,0.5384615384615384,0.46153846153846156,0.0,0.07692307692307693,0.07692307692307693,0.07692307692307693,0.0,0.0,0.23076923076923078,0.46153846153846156,0.3076923076923077,0.3076923076923077,0.6153846153846154,0.38461538461538464,0.23076923076923078,0.23076923076923078,0.38461538461538464,0.3076923076923077,0.38461538461538464,0.3076923076923077,0.3076923076923077,0.3076923076923077,0.3076923076923077,0.0,0.0
72,贸易行业,0.5757575757575758,0.6666666666666666,0.7272727272727273,0.7878787878787878,0.7272727272727273,0.6363636363636364,0.7575757575757576,0.48484848484848486,0.7575757575757576,0.696969696969697,0.7878787878787878,0.5454545454545454,0.42424242424242425,0.45454545454545453,0.30303030303030304,0.3333333333333333,0.2727272727272727,0.45454545454545453,0.42424242424242425,0.21212121212121213,0.06060606060606061,0.030303030303030304,0.030303030303030304,0.09090909090909091,0.06060606060606061,0.15151515151515152,0.18181818181818182,0.2727272727272727,0.3939393939393939,0.36363636363636365,0.5454545454545454,0.5454545454545454,0.6060606060606061,0.7272727272727273,0.6666666666666666,0.696969696969697,0.6666666666666666,0.696969696969697,0.7272727272727273,0.7272727272727273,0.6666666666666666,0.6363636363636364,0.45454545454545453,0.6363636363636364,0.6666666666666666,0.6666666666666666,0.7878787878787878,0.7575757575757576,0.696969696969697,0.5454545454545454,0.696969696969697,0.8181818181818182,0.78125,0.8125,0.71875,0.6875,0.6875,0.59375,0.5,0.5625,0.71875,0.0,0.0
73,软件开发,0.23880597014925373,0.3283582089552239,0.4626865671641791,0.5447761194029851,0.5298507462686567,0.3656716417910448,0.3283582089552239,0.27611940298507465,0.5,0.34328358208955223,0.47761194029850745,0.26119402985074625,0.14925373134328357,0.21641791044776118,0.21641791044776118,0.23134328358208955,0.23134328358208955,0.2537313432835821,0.30597014925373134,0.15037593984962405,0.10526315789473684,0.10526315789473684,0.07518796992481203,0.32575757575757575,0.3181818181818182,0.6060606060606061,0.5984848484848485,0.5909090909090909,0.7633587786259542,0.6870229007633588,0.7175572519083969,0.4846153846153846,0.5,0.549618320610687,0.4580152671755725,0.5877862595419847,0.4580152671755725,0.6384615384615384,0.676923076923077,0.7307692307692307,0.6538461538461539,0.5846153846153846,0.4806201550387597,0.5116279069767442,0.3488372093023256,0.3798449612403101,0.5891472868217055,0.6744186046511628,0.5625,0.4296875,0.6015625,0.7109375,0.65625,0.65625,0.515625,0.421875,0.4765625,0.5,0.4015748031496063,0.4094488188976378,0.6507936507936508,0.007936507936507936,0.007936507936507936
74,通信服务,0.3170731707317073,0.4146341463414634,0.5853658536585366,0.7560975609756098,0.7804878048780488,0.6097560975609756,0.6097560975609756,0.6097560975609756,0.8292682926829268,0.7317073170731707,0.7560975609756098,0.5121951219512195,0.36585365853658536,0.4146341463414634,0.34146341463414637,0.34146341463414637,0.34146341463414637,0.43902439024390244,0.4634146341463415,0.15,0.075,0.07317073170731707,0.04878048780487805,0.04878048780487805,0.12195121951219512,0.3170731707317073,0.43902439024390244,0.4634146341463415,0.7317073170731707,0.6341463414634146,0.7560975609756098,0.43902439024390244,0.5609756097560976,0.5609756097560976,0.43902439024390244,0.4878048780487805,0.4634146341463415,0.7073170731707317,0.7317073170731707,0.85,0.6,0.625,0.525,0.5,0.358974358974359,0.325,0.65,0.725,0.675,0.65,0.65,0.775,0.6,0.55,0.425,0.25,0.275,0.3,0.225,0.35,0.625,0.05,0.0
75,通信设备,0.14736842105263157,0.40625,0.5833333333333334,0.7604166666666666,0.7916666666666666,0.71875,0.71875,0.6875,0.8229166666666666,0.6458333333333334,0.6875,0.4791666666666667,0.3229166666666667,0.34375,0.28125,0.2631578947368421,0.20833333333333334,0.34375,0.3645833333333333,0.13541666666666666,0.09375,0.06315789473684211,0.06315789473684211,0.10526315789473684,0.06315789473684211,0.28421052631578947,0.37894736842105264,0.3894736842105263,0.631578947368421,0.631578947368421,0.6631578947368421,0.40625,0.4270833333333333,0.4583333333333333,0.4375,0.4791666666666667,0.40625,0.5833333333333334,0.5729166666666666,0.6875,0.6354166666666666,0.6354166666666666,0.4375,0.4895833333333333,0.3894736842105263,0.35789473684210527,0.5578947368421052,0.5473684210526316,0.4842105263157895,0.37894736842105264,0.47368421052631576,0.5894736842105263,0.5263157894736842,0.5368421052631579,0.3894736842105263,0.3473684210526316,0.4105263157894737,0.42105263157894735,0.3157894736842105,0.5473684210526316,0.7473684210526316,0.010526315789473684,0.010526315789473684
76,通用设备,0.33557046979865773,0.5033557046979866,0.6510067114093959,0.738255033557047,0.7181208053691275,0.7046979865771812,0.7315436241610739,0.5704697986577181,0.7449664429530202,0.5100671140939598,0.5570469798657718,0.40939597315436244,0.38926174496644295,0.40939597315436244,0.19463087248322147,0.1610738255033557,0.1476510067114094,0.19463087248322147,0.2214765100671141,0.18120805369127516,0.10738255033557047,0.09395973154362416,0.03355704697986577,0.08053691275167785,0.0738255033557047,0.1342281879194631,0.1476510067114094,0.1610738255033557,0.40268456375838924,0.35570469798657717,0.5033557046979866,0.35570469798657717,0.48322147651006714,0.5302013422818792,0.4161073825503356,0.44966442953020136,0.3825503355704698,0.5838926174496645,0.42953020134228187,0.6040268456375839,0.5234899328859061,0.49324324324324326,0.40939597315436244,0.3918918918918919,0.3310810810810811,0.2585034013605442,0.4217687074829932,0.4557823129251701,0.4489795918367347,0.40816326530612246,0.46258503401360546,0.564625850340136,0.4315068493150685,0.43243243243243246,0.3945578231292517,0.41216216216216217,0.36486486486486486,0.36486486486486486,0.2905405405405405,0.4161073825503356,0.6510067114093959,0.026845637583892617,0.013513513513513514
77,造纸印刷,0.4838709677419355,0.7419354838709677,0.8387096774193549,0.7741935483870968,0.7096774193548387,0.5483870967741935,0.5806451612903226,0.3870967741935484,0.7096774193548387,0.5161290322580645,0.7419354838709677,0.6129032258064516,0.3548387096774194,0.3548387096774194,0.22580645161290322,0.06451612903225806,0.16129032258064516,0.12903225806451613,0.0967741935483871,0.0967741935483871,0.0,0.0,0.0,0.03225806451612903,0.03225806451612903,0.16129032258064516,0.16129032258064516,0.12903225806451613,0.2903225806451613,0.2903225806451613,0.5161290322580645,0.3548387096774194,0.8064516129032258,0.8387096774193549,0.7419354838709677,0.8064516129032258,0.6774193548387096,0.8709677419354839,0.8064516129032258,0.8709677419354839,0.7096774193548387,0.6451612903225806,0.6129032258064516,0.6129032258064516,0.5806451612903226,0.5806451612903226,0.7096774193548387,0.8064516129032258,0.7741935483870968,0.5483870967741935,0.8709677419354839,0.8709677419354839,0.8387096774193549,0.7096774193548387,0.7096774193548387,0.7096774193548387,0.6451612903225806,0.5483870967741935,0.5161290322580645,0.5806451612903226,0.9032258064516129,0.0,0.0
78,酿酒行业,0.21621621621621623,0.43243243243243246,0.4864864864864865,0.7027027027027027,0.7837837837837838,0.5135135135135135,0.43243243243243246,0.24324324324324326,0.7297297297297297,0.5405405405405406,0.7297297297297297,0.6216216216216216,0.5405405405405406,0.4864864864864865,0.2702702702702703,0.21621621621621623,0.1891891891891892,0.16216216216216217,0.1891891891891892,0.05405405405405406,0.16216216216216217,0.08108108108108109,0.16216216216216217,0.1891891891891892,0.13513513513513514,0.1891891891891892,0.1891891891891892,0.10810810810810811,0.08108108108108109,0.08108108108108109,0.08108108108108109,0.08108108108108109,0.21621621621621623,0.24324324324324326,0.21621621621621623,0.21621621621621623,0.1891891891891892,0.35135135135135137,0.32432432432432434,0.32432432432432434,0.16216216216216217,0.21621621621621623,0.1891891891891892,0.6216216216216216,0.5405405405405406,0.6756756756756757,0.7567567567567568,0.6756756756756757,0.7027027027027027,0.6756756756756757,0.7567567567567568,0.8108108108108109,0.918918918918919,0.918918918918919,0.9459459459459459,0.9459459459459459,0.9459459459459459,0.918918918918919,0.8108108108108109,0.7837837837837838,0.8108108108108109,0.0,0.0
79,采掘行业,0.65,0.85,0.95,0.95,1.0,1.0,0.9,0.9,0.85,0.85,0.8,0.7,0.65,0.65,0.7,0.7,0.65,0.75,0.75,0.7,0.55,0.05,0.0,0.0,0.0,0.1,0.1,0.2,0.5,0.55,0.4,0.2,0.65,0.75,0.6,0.8,0.8,0.8,0.75,0.9,0.8421052631578947,0.7368421052631579,0.631578947368421,0.7894736842105263,0.6842105263157895,0.6842105263157895,0.7894736842105263,0.7894736842105263,0.7894736842105263,0.7894736842105263,0.95,0.9473684210526315,0.7,0.55,0.65,0.55,0.6,0.65,0.55,0.7,0.75,0.1,0.05
80,钢铁行业,0.6222222222222222,0.7777777777777778,0.8888888888888888,0.8863636363636364,0.7333333333333333,0.6666666666666666,0.6666666666666666,0.28888888888888886,0.8666666666666667,0.7777777777777778,0.9555555555555556,0.9555555555555556,0.6444444444444445,0.7111111111111111,0.2,0.4666666666666667,0.6666666666666666,0.7111111111111111,0.6888888888888889,0.6666666666666666,0.3111111111111111,0.022222222222222223,0.022222222222222223,0.17777777777777778,0.13333333333333333,0.4666666666666667,0.4888888888888889,0.6444444444444445,0.7777777777777778,0.5111111111111111,0.4222222222222222,0.4444444444444444,0.7333333333333333,0.8444444444444444,0.8,0.7777777777777778,0.7555555555555555,0.7333333333333333,0.5333333333333333,0.6888888888888889,0.4222222222222222,0.3111111111111111,0.3333333333333333,0.28888888888888886,0.3333333333333333,0.4666666666666667,0.7333333333333333,0.6888888888888889,0.7555555555555555,0.6,0.8222222222222222,0.8666666666666667,0.5555555555555556,0.4222222222222222,0.7555555555555555,0.8222222222222222,0.8,0.8,0.7777777777777778,0.8444444444444444,0.8888888888888888,0.0,0.0
81,铁路公路,0.3333333333333333,0.5666666666666667,0.6333333333333333,0.6,0.5666666666666667,0.5333333333333333,0.5333333333333333,0.2,0.8333333333333334,0.8333333333333334,0.9,0.8666666666666667,0.8333333333333334,0.8666666666666667,0.7333333333333333,0.7333333333333333,0.7,0.8,0.7333333333333333,0.7,0.5,0.2,0.03333333333333333,0.1,0.1,0.16666666666666666,0.26666666666666666,0.36666666666666664,0.6666666666666666,0.36666666666666664,0.5,0.4666666666666667,0.8,0.8333333333333334,0.8,0.8,0.8,0.8666666666666667,0.9,0.9,0.7,0.7333333333333333,0.7,0.6666666666666666,0.6666666666666666,0.7333333333333333,0.8,0.8666666666666667,0.8666666666666667,0.7333333333333333,0.7666666666666667,0.8333333333333334,0.8,0.7,0.8333333333333334,0.7666666666666667,0.9,0.8333333333333334,0.8333333333333334,0.8,0.7333333333333333,0.0,0.0
82,银行,0.09523809523809523,0.21428571428571427,0.35714285714285715,0.16666666666666666,0.09523809523809523,0.023809523809523808,0.023809523809523808,0.07142857142857142,0.2857142857142857,0.5,0.7857142857142857,0.8333333333333334,0.6190476190476191,0.6428571428571429,0.5,0.6666666666666666,0.9047619047619048,0.9047619047619048,0.9047619047619048,0.8095238095238095,0.5476190476190477,0.23809523809523808,0.35714285714285715,0.38095238095238093,0.3333333333333333,0.7857142857142857,0.9047619047619048,0.9523809523809523,0.8809523809523809,0.8571428571428571,0.6666666666666666,0.7560975609756098,0.9024390243902439,0.95,0.975,0.925,0.9,0.825,0.875,0.6341463414634146,0.34146341463414637,0.34146341463414637,0.2926829268292683,0.36585365853658536,0.3170731707317073,0.34146341463414637,0.5609756097560976,0.5609756097560976,0.6585365853658537,0.21951219512195122,0.3902439024390244,0.4878048780487805,0.36585365853658536,0.3170731707317073,0.7073170731707317,0.8536585365853658,0.975609756097561,0.7317073170731707,0.8536585365853658,0.6585365853658537,0.5853658536585366,0.024390243902439025,0.025
83,非金属材料,0.55,0.7,0.9,0.95,0.95,0.85,0.8,0.8,0.9,0.75,0.75,0.75,0.65,0.65,0.4,0.3,0.15,0.25,0.25,0.1,0.2,0.15,0.1,0.15,0.1,0.1,0.05,0.1,0.2,0.25,0.25,0.2,0.2,0.25,0.2,0.15,0.2,0.2,0.2,0.4,0.55,0.35,0.3,0.2,0.3,0.3,0.3157894736842105,0.3157894736842105,0.2631578947368421,0.2631578947368421,0.2631578947368421,0.3157894736842105,0.2631578947368421,0.3157894736842105,0.42105263157894735,0.47368421052631576,0.3157894736842105,0.3684210526315789,0.2631578947368421,0.5789473684210527,0.631578947368421,0.0,0.0
84,风电设备,0.21052631578947367,0.42105263157894735,0.631578947368421,0.6842105263157895,0.7368421052631579,0.7368421052631579,0.7894736842105263,0.5789473684210527,0.7368421052631579,0.47368421052631576,0.7894736842105263,0.6842105263157895,0.7894736842105263,0.5789473684210527,0.47368421052631576,0.3157894736842105,0.3157894736842105,0.5263157894736842,0.7894736842105263,0.7368421052631579,0.5789473684210527,0.5263157894736842,0.3157894736842105,0.3157894736842105,0.15789473684210525,0.15789473684210525,0.0,0.0,0.0,0.10526315789473684,0.05263157894736842,0.0,0.0,0.0,0.0,0.05263157894736842,0.0,0.10526315789473684,0.05263157894736842,0.10526315789473684,0.15789473684210525,0.15789473684210525,0.2631578947368421,0.21052631578947367,0.21052631578947367,0.21052631578947367,0.3157894736842105,0.21052631578947367,0.10526315789473684,0.05263157894736842,0.47368421052631576,0.5789473684210527,0.47368421052631576,0.3684210526315789,0.3684210526315789,0.15789473684210525,0.15789473684210525,0.15789473684210525,0.15789473684210525,0.2631578947368421,0.3684210526315789,0.0,0.0
85,食品饮料,0.3333333333333333,0.4166666666666667,0.4722222222222222,0.5092592592592593,0.48148148148148145,0.32407407407407407,0.2962962962962963,0.18518518518518517,0.4166666666666667,0.2962962962962963,0.37037037037037035,0.2222222222222222,0.21296296296296297,0.25,0.1574074074074074,0.16666666666666666,0.14814814814814814,0.19444444444444445,0.1588785046728972,0.09345794392523364,0.037383177570093455,0.037383177570093455,0.028037383177570093,0.056074766355140186,0.056074766355140186,0.10377358490566038,0.14150943396226415,0.22641509433962265,0.32075471698113206,0.2641509433962264,0.5047619047619047,0.5142857142857142,0.6666666666666666,0.7047619047619048,0.5238095238095238,0.6761904761904762,0.580952380952381,0.7619047619047619,0.8,0.8095238095238095,0.7238095238095238,0.6571428571428571,0.6095238095238096,0.6857142857142857,0.7142857142857143,0.5714285714285714,0.5523809523809524,0.6571428571428571,0.638095238095238,0.5238095238095238,0.5384615384615384,0.6571428571428571,0.6666666666666666,0.7523809523809524,0.7142857142857143,0.6761904761904762,0.6571428571428571,0.5333333333333333,0.38095238095238093,0.26666666666666666,0.3619047619047619,0.009523809523809525,0.0
